Strand,5',3',Mean RNA Sequencing over non-coding transcript
1,8071,8230,2.33125
1,10912,11082,12.1871345
1,11813,12140,2.304878049
1,13058,13598,5.842883549
1,14060,15005,7.651162791
1,17434,17461,5
1,22539,22812,2.759124088
1,29805,29859,5.327272727
1,33889,34965,26.08077994
1,44666,45000,3.940298507
1,49338,49524,20.72727273
1,52854,52922,8.362318841
1,54794,55171,5.746031746
1,55542,55716,5.777142857
1,56635,57678,3.876436782
1,57978,58164,4.010695187
1,60326,60483,2.481012658
1,62255,62444,2.468421053
1,65325,65501,5.271186441
1,66251,66527,2.274368231
1,66959,67082,2.024193548
1,68042,68187,2.808219178
1,68711,68798,6.363636364
1,73311,73366,3.285714286
1,77074,77699,4.924920128
1,78687,78788,3.970588235
1,82159,82608,8.813333333
1,83018,83037,13.65
1,83636,83799,4.682926829
1,84080,85469,2.797841727
1,85861,86392,15.12969925
1,87469,88330,3.994199536
1,90594,90728,4.874074074
1,92143,92186,17.81818182
1,93046,93833,10.06218274
1,99186,99316,2.717557252
1,104290,104351,3.35483871
1,111950,112460,2.293542074
1,113816,114050,3.072340426
1,119537,119603,3.28358209
1,119930,120060,3.717557252
1,121354,121431,488.2435897
1,122990,123070,4.567901235
1,129540,129924,2.753246753
1,132260,132650,2.294117647
1,133201,133482,5.223404255
1,142166,142230,4.2
1,142999,143320,3.885093168
1,145040,145160,3.099173554
1,145640,145720,2.87654321
1,146765,147001,4.932489451
1,155459,155605,53.7755102
1,155970,156140,4.807017544
1,159869,159980,14.8125
1,160965,161200,5.254237288
1,166609,166643,1979.971429
1,175374,175554,5.022099448
1,178359,178850,4.24796748
1,180000,180313,5.662420382
1,182600,182924,2.787692308
1,183077,183330,3.023622047
1,185160,185321,2.475308642
1,192012,192441,5.818604651
1,193840,194480,2.248049922
1,196759,196950,2.3125
1,198195,198240,4.695652174
1,198419,198532,4.359649123
1,198989,199040,4.961538462
1,199605,199870,2.541353383
1,200090,200563,2.951476793
1,201246,201320,3.613333333
1,202520,202845,4.840490798
1,203260,203680,2.876484561
1,205239,205260,9.818181818
1,207950,208201,3.607142857
1,217955,218420,6.060085837
1,220003,220310,15.0974026
1,228520,228541,22.63636364
1,233198,233360,5.208588957
1,233805,233832,3.821428571
1,234679,234930,2.646825397
1,238346,238484,3.712230216
1,239447,239710,3.90530303
1,239947,240231,4.287719298
1,240980,241030,3.294117647
1,241430,241503,5.864864865
1,251879,252610,4.816939891
1,263189,263383,8.825641026
1,272728,273094,4
1,276390,276672,3.332155477
1,277240,277511,3.764705882
1,278126,278520,6.858227848
1,280620,280662,2.186046512
1,283355,283610,2.484375
1,288200,288291,3.5
1,298238,298750,5.801169591
1,301590,301730,2.482269504
1,302257,302280,8.375
1,304391,305000,7.668852459
1,305570,306580,2.043521266
1,308139,308280,2.922535211
1,310370,310780,2.216545012
1,310910,311383,6.341772152
1,312435,312680,4.028455285
1,314100,314230,3.259541985
1,318660,318980,7.102803738
1,319590,320680,3.299725023
1,323657,323950,9.972789116
1,324309,324484,2.664772727
1,325220,325273,55.87037037
1,325650,325779,5.776923077
1,337129,337293,7.581818182
1,337327,337570,4.721311475
1,340668,341080,26.00484262
1,346511,347090,7.79137931
1,350575,350693,3.983193277
1,351356,351660,12.60983607
1,353480,353750,2.531365314
1,354028,354191,4.390243902
1,359898,360098,5.378109453
1,361210,361600,2.964194373
1,367639,368000,12.43922652
1,368651,368800,3.78
1,368875,368910,58.5
1,369589,369800,9.377358491
1,371317,371470,7
1,372266,372521,2.17578125
1,381165,381190,14.26923077
1,384650,385010,2.24099723
1,386989,387141,4.470588235
1,393736,394004,4.375464684
1,394270,394343,5.918918919
1,394596,394763,6.214285714
1,395660,395874,2.96744186
1,402690,402870,2.585635359
1,403640,404013,7383.360963
1,408869,409662,31.55919395
1,410255,410384,4.130769231
1,411368,411843,2.678571429
1,413351,413830,5.5125
1,415002,415700,7.403433476
1,428850,429052,8.123152709
1,429089,429240,6.072368421
1,429769,430108,13.3
1,435797,436160,6.461538462
1,436500,436554,4.818181818
1,438880,440600,233.8402092
1,441660,441806,16.19047619
1,448467,448962,27.8608871
1,450130,450370,2.410788382
1,451200,451720,2.239923225
1,454287,454550,8.352272727
1,455603,455911,6.074433657
1,460992,461360,3.035230352
1,466929,467500,4.230769231
1,467630,467753,2.556451613
1,468110,468184,6.64
1,468447,468910,4.230603448
1,476530,476710,2.61878453
1,482617,482930,3.958598726
1,483885,484021,4.364963504
1,488200,488284,5.470588235
1,488580,488702,7.617886179
1,496030,496154,4.776
1,497936,498010,3.8
1,502100,502160,2.278688525
1,503150,503194,3.288888889
1,503840,504032,2.989637306
1,509460,509483,52.70833333
1,509670,510050,5.813648294
1,513000,513210,4.056872038
1,513370,513470,4.316831683
1,518830,518990,2.751552795
1,519370,519483,11.48245614
1,530554,530772,8.534246575
1,533481,533512,5.78125
1,551810,552060,7.12749004
1,552430,552590,2.844720497
1,552907,552960,4
1,553436,553533,3.571428571
1,554608,555060,3.523178808
1,555290,555377,774.2159091
1,556940,557140,2.084577114
1,563288,563420,2.857142857
1,567005,567044,5.55
1,567468,567830,4.157024793
1,582226,582592,32.52316076
1,582889,582921,4.424242424
1,583230,583333,5.163461538
1,587530,587715,7.075268817
1,587789,587840,4968.038462
1,588773,588900,7.515625
1,589420,589840,3.3847981
1,590820,591760,2.513283741
1,591960,592070,3.513513514
1,593711,594430,2.888888889
1,594520,594780,6.149425287
1,620350,620371,137
1,623708,623820,349.8761062
1,626270,626620,4.945868946
1,627264,628080,7.418604651
1,634088,634270,4.49726776
1,636240,636309,6.9
1,636336,636531,6
1,648878,648990,3.831858407
1,649131,649375,9.779591837
1,652710,653149,5.584090909
1,653557,653652,7.145833333
1,654110,654370,21.32183908
1,670795,670970,5.982954545
1,673514,673674,683.2236025
1,686966,687163,2.818181818
1,687436,687504,5.115942029
1,688910,689050,5.390070922
1,690630,690664,4.714285714
1,691788,692236,11.14476615
1,692376,692514,6.827338129
1,706510,707150,5.893915757
1,714196,714280,3.647058824
1,714410,714590,4.419889503
1,715360,715510,2.218543046
1,718070,718320,2.6812749
1,719305,719471,3.928143713
1,721650,721744,4.315789474
1,726000,726180,2.70718232
1,726860,727031,2.406976744
1,748155,748230,4.75
1,749138,749632,4.357575758
1,749999,750080,2.841463415
1,755657,756820,5.358247423
1,756846,756930,11.95294118
1,759911,760030,205.6583333
1,760165,760211,8.021276596
1,767748,767933,14.55913978
1,768537,769060,2.896946565
1,774580,774620,9.146341463
1,774858,775180,3.990712074
1,775900,776084,4.616216216
1,776963,777500,3.18401487
1,778070,778200,2.167938931
1,778840,779000,3.440993789
1,787260,787380,2.851239669
1,788820,788880,11.09836066
1,788980,789190,2.848341232
1,789400,789532,3.007518797
1,793220,793414,2.820512821
1,793468,793678,14.61611374
1,810900,811227,4.801829268
1,812358,812437,4.4375
1,826930,827080,2.874172185
1,830949,831180,10.06034483
1,831330,831520,2.335078534
1,832258,832510,5.355731225
1,834290,834460,2.98245614
1,837310,837570,5.486590038
1,838086,838881,5.168341709
1,839949,840492,3.393382353
1,842058,842670,3.482871126
1,842904,842952,10.87755102
1,843130,843313,4.586956522
1,844700,845020,3.84423676
1,845368,845860,60.51115619
1,846290,846372,3.963855422
1,873330,873413,3.261904762
1,873490,873640,2.715231788
1,875080,875164,5.423529412
1,889248,889300,44.24528302
1,892468,892832,3.38630137
1,893160,893410,2.219123506
1,893518,893840,2.904024768
1,901398,901542,3.15862069
1,902486,902583,4.795918367
1,904332,905400,5.61272217
1,908404,908562,582.3710692
1,909410,909533,2.306451613
1,912490,912561,4.861111111
1,922139,922180,5.619047619
1,923140,923150,164.0909091
1,923236,923242,2988.285714
1,923318,923425,52.80555556
1,927527,927607,7.49382716
1,927940,928021,4.43902439
1,930240,930314,4.306666667
1,930955,931113,3.465408805
1,942370,942392,53.86956522
1,942990,943193,5.544117647
1,949229,949261,4.848484848
1,949520,949624,2.466666667
1,956135,956190,3.428571429
1,958620,959010,2.726342711
1,961344,961540,5.680203046
1,963487,963584,4.693877551
1,970359,970500,3.288732394
1,971040,971064,7.2
1,976195,976340,5.239726027
1,979984,980190,2.231884058
1,980520,980710,4.439790576
1,982100,982653,2.891696751
1,984300,984400,3.673267327
1,987795,988365,18.52189142
1,988656,988820,2.672727273
1,988900,989142,3.349794239
1,989350,989404,6.272727273
1,990297,990333,8.756756757
1,990720,990830,4.297297297
1,990958,991110,4.169934641
1,996857,997120,14.58712121
1,997289,997523,2.629787234
1,997750,998514,2.507189542
1,1007874,1009518,7.727659574
1,1009885,1010400,5.57751938
1,1010700,1010800,5.316831683
1,1010900,1011200,3.548172757
1,1011894,1012514,10.31239936
1,1019673,1019900,12.83333333
1,1021100,1021316,2.396313364
1,1023976,1024300,5.421538462
1,1026958,1027000,5.441860465
1,1027098,1027200,2.233009709
1,1031278,1031417,4.057142857
1,1031500,1032032,4.881801126
1,1036100,1036200,4.03960396
1,1039700,1040200,7.620758483
1,1041500,1041700,2.527363184
1,1043455,1043716,67.32061069
1,1049955,1050300,3.312138728
1,1055497,1055600,2.125
1,1057498,1057848,4.236467236
1,1059800,1060313,1038.978599
1,1063669,1064100,470.8194444
1,1081500,1082100,7.470881864
1,1083000,1083207,2.769230769
1,1083400,1083700,9.760797342
1,1084400,1084500,2.079207921
1,1085384,1085500,4.05982906
1,1104621,1104704,11.72619048
1,1109600,1110700,62.97275204
1,1112300,1112809,3.215686275
1,1114000,1114200,2.024875622
1,1117800,1118000,2.611940299
1,1123050,1123100,4.254901961
1,1127789,1128300,6.146484375
1,1137429,1137600,5.808139535
1,1139298,1139400,4.660194175
1,1139600,1139758,5.622641509
1,1145000,1145245,3.406504065
1,1151771,1151915,5.420689655
1,1154586,1154606,6.476190476
1,1160690,1160729,5.15
1,1162900,1163032,3.714285714
1,1163200,1163612,2.17433414
1,1165573,1165617,5
1,1175044,1175206,335.0736196
1,1175400,1175512,2.522123894
1,1176699,1176715,2
1,1192195,1192816,3.710610932
1,1193688,1193800,2.592920354
1,1195000,1195235,2.271186441
1,1196666,1196822,4.656050955
1,1200990,1201216,2.118942731
1,1201466,1201749,11.41197183
1,1206098,1206336,11.66527197
1,1207800,1208010,2.748815166
1,1209952,1210127,4.857954545
1,1218664,1218712,10.73469388
1,1219855,1219915,2.852459016
1,1224776,1225004,3.253275109
1,1234788,1234842,3.672727273
1,1234978,1235200,4.955156951
1,1236200,1236600,2.897755611
1,1240800,1241028,6.925764192
1,1242388,1242610,7.147982063
1,1246200,1246300,2.495049505
1,1248582,1248900,4.090909091
1,1250669,1250738,5.671428571
1,1253500,1253816,6.678233438
1,1257291,1257349,15.18644068
1,1257500,1257700,2.273631841
1,1258100,1258203,2.009615385
1,1263200,1263362,10.11042945
1,1264500,1264700,2.597014925
1,1270500,1270723,32.60267857
1,1273168,1273439,837.5
1,1273900,1274122,2.968609865
1,1286000,1286201,4.217821782
1,1286600,1287103,3.283730159
1,1296800,1298135,2.116766467
1,1298582,1298700,9.865546218
1,1299694,1299821,3.5078125
1,1300200,1300316,4.888888889
1,1301061,1301200,5.578571429
1,1301993,1302408,11.04567308
1,1303000,1303404,6.303703704
1,1303871,1305140,11.10708661
1,1317858,1318000,5.055944056
1,1321871,1322024,3.292207792
1,1324686,1324800,3.643478261
1,1339600,1340520,3.312703583
1,1344372,1344700,3.237082067
1,1344744,1345025,14.12765957
1,1348300,1348600,3.179401993
1,1371188,1371228,5.975609756
1,1371300,1371831,2.911654135
1,1372284,1373000,5.330543933
1,1373700,1373800,9.633663366
1,1381497,1381721,3.208888889
1,1388385,1388500,3.24137931
1,1389500,1389610,2.441441441
1,1389999,1390533,4.071028037
1,1393265,1393441,6.129943503
1,1394500,1395300,3.464419476
1,1396800,1396900,2.425742574
1,1398200,1398500,2.196013289
1,1398800,1399300,2.407185629
1,1404500,1404800,2.558139535
1,1408323,1408625,3.264026403
1,1414963,1415043,8.641975309
1,1420466,1420723,3.608527132
1,1421156,1421229,7.418918919
1,1439300,1439400,2.95049505
1,1440800,1440900,3.247524752
1,1441289,1441500,2.523584906
1,1441800,1441900,2.059405941
1,1447571,1448001,6.946635731
1,1448385,1448900,2.492248062
1,1451577,1451800,7.330357143
1,1452600,1453200,2.026622296
1,1455400,1455819,5.302380952
1,1459700,1459800,64.45544554
1,1463500,1463716,3.576036866
1,1464061,1464105,3.711111111
1,1464300,1464600,7.063122924
1,1467100,1467200,4.574257426
1,1467995,1468017,30.26086957
1,1482802,1483216,25.33012048
1,1483881,1484523,7.776049767
1,1485034,1485700,6.826086957
1,1489481,1490000,6.005769231
1,1491700,1492004,4.472131148
1,1494142,1494408,4.333333333
1,1496500,1496903,25.97524752
1,1496977,1497103,1511.165354
1,1499400,1499500,2.752475248
1,1499768,1500105,6.946745562
1,1502371,1502500,3.276923077
1,1503200,1503414,3.590697674
1,1506269,1506309,5.268292683
1,1513200,1513300,5.415841584
1,1525688,1525807,2.308333333
1,1528399,1528532,15.1641791
1,1531171,1531400,8.87826087
1,1535988,1536500,3.399610136
1,1540100,1540200,3.217821782
1,1543679,1543717,5.153846154
1,1545800,1546004,2.151219512
1,1548881,1549199,7.946708464
1,1550700,1550815,5.198275862
1,1553983,1554202,3.209090909
1,1556600,1557200,11.58735441
1,1557319,1557600,274.7765957
1,1558570,1559300,7.560875513
1,1560480,1560700,2.656108597
1,1561890,1562133,5.06557377
1,1562700,1563003,3.141447368
1,1572099,1572124,2.153846154
1,1591800,1592000,3.736318408
1,1599073,1599403,3.193353474
1,1599600,1600014,10.2939759
1,1603469,1604500,2.718992248
1,1604700,1605000,3.3089701
1,1605500,1605601,4.862745098
1,1617600,1617818,4.374429224
1,1618800,1618900,4.861386139
1,1620200,1620817,2.991909385
1,1622400,1622500,4.277227723
1,1626079,1626212,3.865671642
1,1629800,1630022,6.860986547
1,1636985,1637105,4.818181818
1,1639758,1639900,4.377622378
1,1640000,1640303,2.338815789
1,1641591,1641700,2.354545455
1,1641800,1642300,4.942115768
1,1642850,1643100,4.175298805
1,1644277,1644510,2.427350427
1,1647200,1647327,3.21875
1,1647592,1647829,8.907563025
1,1653300,1653517,2.481651376
1,1653800,1654100,2.900332226
1,1654489,1655109,5.644122383
1,1656664,1656801,6.782608696
1,1657200,1657500,4.966777409
1,1672892,1673331,3.095454545
1,1683650,1683716,15.28358209
1,1692969,1693116,3.459459459
1,1694900,1695700,2.588014981
1,1696500,1696800,4.488372093
1,1704569,1704626,4.862068966
1,1717596,1717716,3.52892562
1,1720452,1720668,6.557603687
1,1726867,1727200,6.374251497
1,1728100,1728400,2.239202658
1,1733100,1733249,4.086666667
1,1737581,1737800,4.168181818
1,1744200,1744700,2.528942116
1,1745500,1745618,2.983193277
1,1747678,1747900,4.34529148
1,1748969,1749053,7.811764706
1,1755883,1756000,2.788135593
1,1759200,1759400,2.970149254
1,1759500,1759771,4.871323529
1,1766000,1766221,5.882882883
1,1768782,1769105,2.50308642
1,1770500,1770711,2.183962264
1,1779700,1780004,5.681967213
1,1786900,1787300,7.463840399
1,1787600,1788501,3.063192905
1,1792460,1792800,28.29325513
1,1793193,1793522,2.248484848
1,1793800,1793910,2.261261261
1,1794490,1794700,2.265402844
1,1795000,1795200,2.706467662
1,1799421,1799700,5.803571429
1,1803776,1803902,8.291338583
1,1810300,1810600,4.46179402
1,1818464,1818732,8.26394052
1,1819300,1819800,2.147704591
1,1819993,1821100,5.009025271
1,1821995,1822026,8.125
1,1822283,1822729,2.881431767
1,1823900,1824000,3
1,1827655,1827739,11.87058824
1,1832500,1832746,4.226720648
1,1833300,1833500,3.333333333
1,1844900,1845519,2.717741935
1,1848600,1848706,2.626168224
1,1853700,1853800,3.663366337
1,1853900,1854100,2.373134328
1,1862763,1862927,3.018181818
1,1872195,1872500,4.035947712
1,1873500,1873900,6.546134663
1,1886300,1886800,4.978043912
1,1887000,1887344,2.837681159
1,1888667,1888900,3.871794872
1,1889800,1889909,4.172727273
1,1890790,1891130,3.451612903
1,1892052,1892200,3.718120805
1,1893700,1893886,20.78074866
1,1894738,1895022,2.687719298
1,1898986,1899904,53.69314472
1,1900000,1900100,2.96039604
1,1900200,1901136,5.57203842
1,1906200,1906618,3.408114558
1,1907500,1907800,2.096345515
1,1910297,1910302,2
1,1911200,1911602,3.672456576
1,1914400,1914748,8.767908309
1,1924100,1924242,3.587412587
1,1926052,1926600,4.158469945
1,1930591,1932400,2.912154696
1,1940800,1941346,8.464351005
1,1947687,1947748,6.387096774
1,1949067,1949100,2.823529412
1,1952400,1952700,3.857142857
1,1956800,1957400,3.405990017
1,1962497,1963115,2.300484653
1,1966661,1966924,2.893939394
1,1968696,1968900,4.390243902
1,1970400,1970600,4.019900498
1,1972062,1972300,19.0460251
1,1978100,1978400,2.727574751
1,1979600,1980000,5.563591022
1,1980793,1981300,3.013779528
1,1981700,1982100,2.778054863
1,1982600,1983029,3.013953488
1,1983900,1984510,2.366612111
1,1987000,1987203,3.102941176
1,1987900,1988300,2.017456359
1,1991191,1991405,2.655813953
1,1991969,1992100,3.5
1,1995789,1996129,4.064516129
1,1999867,2000442,5.53125
1,2009199,2009400,4.376237624
1,2011495,2011603,4.944954128
1,2014586,2015000,2.289156627
1,2017474,2017900,2.2529274
1,2020000,2020400,2.433915212
1,2027500,2027600,3.732673267
1,2033800,2034200,7.526184539
1,2035090,2035300,4.146919431
1,2044000,2044200,4.009950249
1,2045792,2045921,3.269230769
1,2047291,2047623,3.402402402
1,2047789,2047900,2.571428571
1,2052670,2052710,4.317073171
1,2055495,2056000,3.818181818
1,2056700,2056939,3.141666667
1,2057178,2057204,2.296296296
1,2058400,2058800,4.478802993
1,2059200,2059500,2.671096346
1,2060672,2060816,3.827586207
1,2062690,2063000,2.900321543
1,2067779,2068300,3.846743295
1,2070200,2070400,2.417910448
1,2072852,2073000,9.966442953
1,2075777,2075844,3.897058824
1,2079483,2079749,8.898876404
1,2080070,2080423,6.242937853
1,2083100,2083300,5.492537313
1,2083600,2083700,2.326732673
1,2086566,2086840,2.490909091
1,2087700,2087820,3.479338843
1,2091700,2091900,2.771144279
1,2092600,2093046,4.279642058
1,2099465,2099520,3.125
1,2100352,2100500,4.261744966
1,2107000,2107600,4.400998336
1,2108100,2108806,6.688826025
1,2114000,2114600,7.863560732
1,2123381,2123404,4.875
1,2124200,2124400,3.786069652
1,2128068,2128126,2.322033898
1,2132974,2133100,2.330708661
1,2139171,2139323,6.039215686
1,2142800,2143300,2.770459082
1,2145200,2145413,3.668224299
1,2146897,2146922,2
1,2146996,2147300,2.036065574
1,2148500,2148700,2.134328358
1,2156561,2156600,5.625
1,2157100,2157300,2.323383085
1,2157400,2157649,6.3
1,2163500,2164015,4.829457364
1,2165600,2166000,2.019950125
1,2176668,2176800,2.827067669
1,2184200,2185033,2.868105516
1,2187892,2188103,7.438679245
1,2196157,2198148,490.6485944
1,2198692,2198803,9.464285714
1,2200000,2200200,2.721393035
1,2201900,2203000,2.996366939
1,2203294,2203416,6.991869919
1,2210400,2210500,2.257425743
1,2213789,2214100,7.487179487
1,2214600,2214700,2.168316832
1,2215700,2216100,6.289276808
1,2228286,2228400,3.669565217
1,2229500,2229900,3.002493766
1,2235300,2235700,2.603491272
1,2235782,2236634,5.512309496
1,2237465,2238031,3.91005291
1,2239100,2239400,3.059800664
1,2240377,2240410,8.676470588
1,2245800,2246200,2.239401496
1,2247361,2247532,6.674418605
1,2254676,2255000,2.329230769
1,2255800,2256025,2.42920354
1,2258700,2259100,6.44638404
1,2259200,2259500,2.790697674
1,2259700,2260013,4.853503185
1,2260200,2260404,9.668292683
1,2261499,2261729,4.489177489
1,2263813,2264128,24.55379747
1,2273670,2273800,3.702290076
1,2274300,2274600,6.471760797
1,2280800,2281200,4.897755611
1,2283348,2283706,3.77994429
1,2284378,2284500,2.788617886
1,2285964,2286200,2.708860759
1,2286763,2287100,5.01183432
1,2288664,2289100,4.720823799
1,2289892,2290100,2.435406699
1,2290400,2290500,5.683168317
1,2291088,2291600,8.567251462
1,2293000,2293200,3.825870647
1,2293476,2293800,2.169230769
1,2296860,2297127,2.753731343
1,2299700,2299800,2.99009901
1,2299894,2300123,3.208695652
1,2302800,2302902,2.077669903
1,2303253,2303436,3.788043478
1,2303500,2303816,4.186119874
1,2307981,2308104,3.959677419
1,2309580,2309900,2.875389408
1,2315100,2315415,136.1582278
1,2316162,2316312,3.61589404
1,2316461,2317200,3.725675676
1,2318200,2318300,5.702970297
1,2318383,2318712,872.4606061
1,2320000,2320100,4.722772277
1,2322100,2322200,2.891089109
1,2323489,2323622,3.791044776
1,2325977,2326128,6.782894737
1,2329200,2329415,4.689814815
1,2330962,2331110,6.691275168
1,2332500,2332818,2.228840125
1,2335197,2335400,3.450980392
1,2339200,2339401,9.762376238
1,2349550,2349711,20.43209877
1,2355600,2355900,10.64784053
1,2360376,2360628,3.288537549
1,2368900,2369010,3.954954955
1,2370492,2370504,8.461538462
1,2377040,2377300,2.471264368
1,2379569,2379800,3.681034483
1,2382651,2382725,14.86666667
1,2383600,2383810,7.559241706
1,2388475,2388823,2.828080229
1,2388989,2389219,2.606060606
1,2397194,2397227,6.058823529
1,2397491,2397600,4.5
1,2397763,2397813,4.431372549
1,2399898,2400109,5.877358491
1,2404000,2404222,2.717488789
1,2412587,2412800,2.41588785
1,2422764,2423226,7.401727862
1,2423757,2423927,5.263157895
1,2430656,2430808,7.928104575
1,2432900,2433200,8.411960133
1,2433569,2433800,17.96982759
1,2440800,2441018,2.835616438
1,2445200,2445305,2.377358491
1,2457966,2458228,3.212927757
1,2458500,2458600,2.415841584
1,2461400,2461537,3.152173913
1,2462000,2463029,2.331067961
1,2470800,2470907,2.185185185
1,2471185,2471300,3.00862069
1,2471393,2471500,3.018518519
1,2472100,2472200,3.247524752
1,2478587,2478928,1728.94152
1,2484800,2485000,3.378109453
1,2485389,2485600,5.924528302
1,2488400,2488500,19.81188119
1,2496092,2496200,2.018348624
1,2498300,2498600,4.727574751
1,2498700,2498800,3.544554455
1,2500892,2501244,6.206798867
1,2502700,2502818,2.428571429
1,2503400,2503815,2.204326923
1,2505300,2505512,4.084507042
1,2508946,2509018,7.95890411
1,2509590,2509637,12
1,2514059,2514249,1416.989529
1,2516486,2516600,6.330434783
1,2517262,2517345,5.75
1,2517700,2517900,6.174129353
1,2518249,2518500,7.095238095
1,2519700,2520100,5.518703242
1,2520300,2520720,2.460807601
1,2522900,2523509,2.781967213
1,2526900,2527038,3.35971223
1,2527876,2528111,2.940677966
1,2530000,2530200,4.388059701
1,2530294,2532100,4.094078583
1,2545463,2545694,4.922413793
1,2560000,2560355,5.758426966
1,2561998,2562200,4.009852217
1,2563300,2563532,6.751072961
1,2566560,2566730,4.263157895
1,2567881,2568000,3.716666667
1,2569773,2569902,2.630769231
1,2570673,2570734,6.548387097
1,2578655,2579904,26.2656
1,2583281,2583315,4.971428571
1,2583891,2584600,3.428169014
1,2586093,2586112,10.7
1,2590283,2590521,13.31380753
1,2596658,2596800,3092.93007
1,2597500,2597700,3.76119403
1,2598700,2598901,3.910891089
1,2599500,2600000,2.538922156
1,2602597,2602900,5.263157895
1,2604068,2604214,2.299319728
1,2615568,2615657,5.977777778
1,2620097,2620600,2.799603175
1,2622886,2622912,9652.222222
1,2623166,2623500,1282.671642
1,2633800,2634200,2.2319202
1,2635193,2635308,2.25
1,2635369,2635428,3.7
1,2639500,2639600,2.673267327
1,2641314,2641800,4.525667351
1,2644000,2644243,2.172131148
1,2645200,2645400,2.527363184
1,2648700,2649213,8.501945525
1,2652589,2652613,2.76
1,2654100,2654602,2.043737575
1,2675671,2676000,6.375757576
1,2680800,2681000,4.199004975
1,2681472,2681800,2.693009119
1,2682497,2682528,19.65625
1,2687800,2688500,4.533523538
1,2689300,2689412,2.876106195
1,2690397,2690548,10.59868421
1,2693000,2693400,8.600997506
0,332,1,3.159638554
0,4509,4331,20.61452514
0,5019,4899,4.173553719
0,12163,12035,6.92248062
0,15223,15018,2.174757282
0,18678,18420,2.988416988
0,19096,18913,9.114130435
0,26324,26144,4.839779006
0,28797,28592,7.029126214
0,32354,32204,4.033112583
0,35416,34891,3.522813688
0,37109,36831,2.397849462
0,38182,37904,3.487455197
0,40791,40457,2.456716418
0,42310,42161,3.366666667
0,42996,42763,3.102564103
0,44946,43941,4.805168986
0,46728,46496,5.317596567
0,48870,48110,50.94086728
0,50705,50014,12.62427746
0,64230,63341,2.993258427
0,74452,74309,2.673611111
0,75248,75025,2.125
0,80129,79967,5.171779141
0,81492,80634,17.52968568
0,87723,87508,3817.12963
0,97787,97439,5.558739255
0,101960,101905,5.339285714
0,102320,102299,6.863636364
0,110104,109940,2.703030303
0,112360,112305,5.821428571
0,112550,112518,4.484848485
0,113490,113370,2.123966942
0,114180,114076,2.438095238
0,123560,123520,7.512195122
0,133470,133290,3.513812155
0,134574,134279,2.949324324
0,135584,135525,5.55
0,137740,137557,2.755434783
0,138030,137957,6
0,139170,139150,5.142857143
0,140113,139909,2.282926829
0,141700,141615,3.430232558
0,148000,147580,2.522565321
0,149072,148896,9.672316384
0,153510,153305,5.669902913
0,153910,153730,3.502762431
0,159679,159587,10.48387097
0,164510,164250,4.325670498
0,164910,164710,2.766169154
0,168490,168287,2.794117647
0,170020,169370,3.838709677
0,171610,171535,2.407894737
0,172170,172050,2.074380165
0,173090,172930,5.080745342
0,180190,180000,2.937172775
0,182000,181727,5.262773723
0,182204,182038,2.916167665
0,183481,183290,3.463541667
0,187070,186842,4.615720524
0,191470,191345,4.047619048
0,208930,208780,2.198675497
0,209790,209690,2.376237624
0,210783,210720,3.640625
0,211800,211720,7.518518519
0,213681,213470,3.627358491
0,219209,218981,13.32751092
0,222050,221830,7.701357466
0,225000,224920,2.987654321
0,225811,225670,5.345070423
0,231853,231770,2.178571429
0,236204,236110,2.031578947
0,236890,236776,2.67826087
0,243631,243549,5.13253012
0,245321,245009,2.68370607
0,247771,246975,10.91844417
0,249261,249118,5.006944444
0,250270,250250,25.76190476
0,251420,251250,8.192982456
0,260450,260337,3.605263158
0,260790,260700,6.659340659
0,266220,266130,3.461538462
0,267170,266940,2.367965368
0,280650,280510,5.340425532
0,281100,281030,2.338028169
0,284670,284541,6.138461538
0,287563,287480,2.666666667
0,288154,287880,5.032727273
0,292313,292166,5.675675676
0,293020,292682,4.333333333
0,295090,295067,22.5
0,302832,302485,3.387931034
0,303182,302990,4.29015544
0,315700,315260,2.353741497
0,326570,326460,3.855855856
0,327770,327130,4.739469579
0,328935,327819,5.890778872
0,329700,329600,5.910891089
0,336205,336051,8.174193548
0,336593,336490,4.326923077
0,343963,343846,5.813559322
0,345690,345520,5.040935673
0,349708,349465,34.20491803
0,352050,351588,2.678185745
0,356450,356290,4.689440994
0,357460,357018,13.38374718
0,359350,358990,2.174515235
0,362110,361790,2.202492212
0,366341,364890,7.477272727
0,372964,372880,3.235294118
0,379260,379188,7.054794521
0,379504,379358,3.802721088
0,380070,379869,3.940594059
0,382191,382133,7.288135593
0,389121,388999,2.544715447
0,390380,390000,2.041994751
0,390991,390570,2.786729858
0,393173,392950,3.723214286
0,404460,404369,3.369565217
0,406300,406165,8.625
0,406824,406782,15.23255814
0,412314,412225,6.888888889
0,413305,412572,20.26975477
0,413940,413836,7.352380952
0,419330,419268,5.523809524
0,420250,419990,3.256704981
0,420470,420330,3.829787234
0,423607,423279,8.151975684
0,425150,424985,11.54819277
0,428102,427779,2.87962963
0,431419,431035,7.223376623
0,431970,431607,5.923076923
0,442140,441954,54.03208556
0,443234,443008,10.40528634
0,445466,445367,25.11
0,453920,453550,7.911051213
0,458280,458113,4.202380952
0,464110,464030,4.024691358
0,464665,464628,12.94736842
0,466260,465947,2.99044586
0,478774,478660,3.67826087
0,479462,479290,4.49132948
0,482440,482225,4.49537037
0,486370,486157,4.03271028
0,493632,493455,6.938202247
0,506030,505600,3.774941995
0,507910,507640,4.439114391
0,510890,510800,2.692307692
0,519743,519529,5.093023256
0,521460,521260,5.736318408
0,525942,525910,5
0,529633,529396,7.193277311
0,533420,532840,2.445783133
0,535090,534770,2.314641745
0,538030,537786,3.13877551
0,542300,542230,5.366197183
0,557130,557000,109.4580153
0,559001,558885,9.341880342
0,560290,560195,4.010416667
0,564520,564445,2.842105263
0,568340,568000,2.384164223
0,573843,573759,10.65882353
0,573972,573890,7.072289157
0,583820,583799,6.909090909
0,584214,584130,3.905882353
0,585853,585427,18.25526932
0,587310,587190,4.925619835
0,594230,593625,2.556105611
0,596116,596040,4.961038961
0,596620,596538,2.626506024
0,597170,597120,2.764705882
0,598360,598256,3.228571429
0,599134,598650,3.731958763
0,606192,605917,30.82246377
0,606584,606540,3.733333333
0,607080,607019,2.903225806
0,613080,612690,4.864450128
0,613451,613280,4.040697674
0,613940,613820,2.553719008
0,615130,614840,3.18556701
0,616092,615890,2.403940887
0,618780,618710,2.521126761
0,620901,620755,2.231292517
0,632542,632490,4.433962264
0,637000,636910,2.857142857
0,638990,638680,3.906752412
0,640440,640360,2.074074074
0,642034,641940,5.368421053
0,645220,644917,11.38815789
0,646470,646440,4.516129032
0,658680,658477,4.593137255
0,659334,659250,3.705882353
0,659900,659380,3.650671785
0,667082,667060,25.69565217
0,670050,669768,5.201413428
0,673620,672857,5.537958115
0,675000,674456,3.48440367
0,677270,676875,4.01010101
0,681260,681040,2.466063348
0,683060,682958,3.533980583
0,686212,686158,5.490909091
0,687093,686719,2.08
0,690904,690810,113.8315789
0,694950,694813,4.673913043
0,699840,699663,6.342696629
0,703390,703350,3.390243902
0,709990,709693,9.741610738
0,711150,711057,2.287234043
0,714180,714146,5.771428571
0,718660,718599,3237.016129
0,719660,719513,7.702702703
0,720890,720580,2
0,723115,722770,9.820809249
0,723310,723248,59.71428571
0,724780,724656,3.536
0,725381,725227,11.21935484
0,727430,727290,2.510638298
0,729282,729250,3.303030303
0,729890,729755,4.507352941
0,730270,730000,2.546125461
0,732673,732506,3.488095238
0,733093,732920,5.873563218
0,736820,736193,38.40605096
0,738140,738098,3.581395349
0,738520,738476,3.666666667
0,740780,740290,2.633401222
0,741960,741770,3.356020942
0,742124,742076,10.85714286
0,743050,742899,2.447368421
0,748654,748420,12.99574468
0,749840,749589,4.531746032
0,752405,752030,8.295212766
0,752530,752490,4.219512195
0,754746,754536,5.677725118
0,758560,757974,4836.296422
0,759330,759155,4.727272727
0,760145,759972,13.66666667
0,760760,760720,5.658536585
0,770040,769980,2.37704918
0,770980,770670,2.109324759
0,779422,779270,3.300653595
0,782060,781770,2.735395189
0,783884,783370,4.522330097
0,791050,790670,2.015748031
0,791840,791465,4.164893617
0,798792,798256,5.605214153
0,806451,806420,4.90625
0,806973,806770,2.990196078
0,807580,807469,7.1875
0,808580,808380,4.880597015
0,809364,809330,3.571428571
0,809921,809840,3
0,815702,815510,3.715025907
0,818650,818614,4.648648649
0,819224,819174,4.117647059
0,823490,823350,2.184397163
0,826794,826750,3.977777778
0,828510,827996,4.015533981
0,829560,829538,16.34782609
0,830531,830423,8.394495413
0,840170,840076,1147.031579
0,849312,849196,2.777777778
0,850174,850110,6.123076923
0,850790,850540,15.80478088
0,851830,851610,3.733031674
0,852203,852107,3
0,854234,854012,5.883408072
0,856932,856787,9.226027397
0,860120,860093,8.607142857
0,865676,865490,7.262032086
0,867112,866860,2.411067194
0,868080,867800,7.277580071
0,869491,869440,6.269230769
0,870471,870350,2.057377049
0,872970,872757,10.40654206
0,878260,878020,4.539419087
0,882943,882900,3.295454545
0,883610,883386,4.64
0,885520,885218,4.914191419
0,888075,887760,3.351265823
0,897404,897249,6.147435897
0,897710,897568,5.755244755
0,897880,897830,4.921568627
0,898760,898560,2.383084577
0,901737,901300,4.974885845
0,904400,904288,9.495575221
0,906633,906535,4.616161616
0,916900,916178,8.100968188
0,917691,917613,12.10126582
0,918372,918190,3.306010929
0,920850,920435,2.211538462
0,921374,921200,2.531428571
0,934810,934320,2.128309572
0,935390,935189,3.915841584
0,936671,935820,9.004694836
0,944550,944500,3.666666667
0,945015,944900,2.155172414
0,950493,950340,4.116883117
0,952806,952533,6.277372263
0,955250,954920,2.081570997
0,964360,964255,5.028301887
0,968650,968480,2.456140351
0,975030,974840,3.178010471
0,982164,982100,3.338461538
0,984954,984904,8.450980392
0,986321,986190,5.46969697
0,994243,993128,5.0609319
0,1000858,1000000,2.472642608
0,1005180,1004700,8.833679834
0,1008140,1008085,5.714285714
0,1009900,1009500,9.019950125
0,1024900,1024800,7.782178218
0,1025024,1024968,3.421052632
0,1033148,1033084,3.876923077
0,1036900,1036300,5.589018303
0,1039802,1039465,4.230769231
0,1044500,1044389,5.508928571
0,1047100,1046972,2.279069767
0,1049400,1049300,3.178217822
0,1051919,1051667,5.37944664
0,1055334,1055200,3.666666667
0,1059800,1059287,4.554474708
0,1060200,1059966,4.09787234
0,1061812,1061400,4.740920097
0,1062400,1062083,3.421383648
0,1063900,1063600,2.362126246
0,1065400,1065189,4.028301887
0,1066700,1066567,4.246268657
0,1069912,1069700,2.291079812
0,1076335,1076074,3.729007634
0,1077327,1077061,4.498127341
0,1078702,1078600,4.339805825
0,1079600,1078796,3.777639752
0,1080900,1080200,3.506419401
0,1085009,1084955,3.727272727
0,1087600,1087500,2.01980198
0,1088809,1088760,2.54
0,1091200,1090900,2.950166113
0,1094522,1094100,4.612293144
0,1097100,1096497,8.895695364
0,1099523,1099477,6.680851064
0,1100400,1100050,5.05982906
0,1102100,1101985,2.379310345
0,1104200,1103576,4.5264
0,1120329,1119999,3.945619335
0,1125300,1125171,2.407692308
0,1133400,1133100,7.601328904
0,1134313,1134200,3.5
0,1135600,1134900,2.042796006
0,1137635,1137100,700.8768657
0,1142300,1141967,3.017964072
0,1147100,1146880,2.176470588
0,1148800,1148463,5.073964497
0,1149600,1149400,2.273631841
0,1156736,1156398,3.734513274
0,1157000,1156793,3.302884615
0,1164912,1164800,2.725663717
0,1169516,1169300,2.129032258
0,1170700,1170399,1421.705298
0,1173200,1172377,3.810679612
0,1173700,1173400,2.445182724
0,1183319,1182764,13.72841727
0,1184300,1183986,8.396825397
0,1185600,1185494,2.046728972
0,1188011,1187745,10.0411985
0,1188800,1188600,5.472636816
0,1189229,1188900,2.421212121
0,1197300,1196495,3.029776675
0,1197700,1197600,2.01980198
0,1200300,1199891,15.70487805
0,1204800,1204564,5.223628692
0,1207709,1207598,5.098214286
0,1211721,1211600,3.614754098
0,1212216,1212000,2.506912442
0,1213103,1212800,2.003289474
0,1215515,1215400,2.24137931
0,1222800,1222463,2.923076923
0,1224300,1223852,14.5077951
0,1243407,1243255,3.535947712
0,1247446,1247300,5.741496599
0,1255110,1255060,4.980392157
0,1265824,1265700,16.296
0,1267022,1266868,4.270967742
0,1268203,1268120,11.28571429
0,1268600,1268250,4.581196581
0,1269820,1269783,4.473684211
0,1270100,1269900,3.149253731
0,1273500,1273169,5.804216867
0,1274700,1274595,4.188679245
0,1276200,1275700,2.371257485
0,1278600,1278400,2.44278607
0,1279030,1278877,2.512987013
0,1288200,1288000,2.616915423
0,1294117,1293922,6.096938776
0,1294900,1294376,3.257142857
0,1297109,1296975,8.348148148
0,1298500,1298085,5.228365385
0,1309800,1309600,2.577114428
0,1310526,1310400,4.543307087
0,1311700,1311598,70.34951456
0,1313208,1312887,22.5310559
0,1313907,1313500,2.031862745
0,1319100,1318896,6.453658537
0,1322503,1322399,3.076190476
0,1324100,1324000,2.405940594
0,1325600,1325000,2.826955075
0,1336400,1336176,3.208888889
0,1337814,1336757,3.901701323
0,1347114,1346800,3.53968254
0,1356800,1356700,2.792079208
0,1362300,1362095,3.383495146
0,1363200,1362997,4.892156863
0,1366600,1366281,3.16875
0,1367142,1366800,2.472303207
0,1370027,1369981,4.276595745
0,1375000,1374900,2.475247525
0,1376443,1375100,2.26860119
0,1378000,1377800,3.402985075
0,1379300,1378879,8.156398104
0,1383400,1383293,2.555555556
0,1384610,1384569,3.619047619
0,1387600,1387300,2.23255814
0,1402046,1401994,3.811320755
0,1402800,1402697,3.740384615
0,1407200,1407100,2.702970297
0,1421236,1420000,297.9854487
0,1423914,1423847,5.161764706
0,1424811,1424700,3.419642857
0,1426749,1426483,4.576779026
0,1429717,1429500,5.100917431
0,1433510,1433462,4.632653061
0,1441608,1441400,2.306220096
0,1442500,1442400,2.178217822
0,1443800,1443464,9.605341246
0,1445200,1444995,2.90776699
0,1454100,1453955,4.760273973
0,1459600,1459200,2.194513716
0,1465307,1465100,4.274038462
0,1473800,1473700,5.099009901
0,1475112,1474692,2.928741093
0,1476500,1476176,2.790769231
0,1477116,1476998,10.08403361
0,1477500,1477373,10.9921875
0,1478500,1478094,3.208845209
0,1479850,1478900,3.923238696
0,1482400,1482300,2
0,1484519,1484381,85.81294964
0,1487504,1487349,5.166666667
0,1487700,1487550,3.562913907
0,1496500,1496300,8.393034826
0,1497300,1497074,2.925110132
0,1498118,1498070,4.571428571
0,1498675,1498500,147.2443182
0,1501100,1500795,6.588235294
0,1502002,1501900,3.766990291
0,1504200,1503900,2.624584718
0,1509204,1508177,6.500972763
0,1515100,1514500,2.211314476
0,1517202,1515374,11.16785128
0,1519833,1519700,3.992537313
0,1521300,1520497,3.143034826
0,1527200,1527080,67.33884298
0,1533000,1532700,13.74750831
0,1534300,1533253,4.158396947
0,1539100,1538900,4.308457711
0,1541430,1541300,5.160305344
0,1542417,1542300,2.296610169
0,1543000,1542571,8.548837209
0,1553600,1552885,3.054469274
0,1554113,1553862,4.706349206
0,1556807,1556569,3.564853556
0,1564311,1564200,4.580357143
0,1564700,1564500,3.213930348
0,1565336,1565051,8.300699301
0,1569100,1568788,13.11501597
0,1569834,1569591,5.454918033
0,1572500,1572359,33.16197183
0,1573900,1573400,22.98602794
0,1575600,1575298,5.706270627
0,1578000,1577700,3.411960133
0,1579500,1579300,3.925373134
0,1583600,1583363,3.537815126
0,1585300,1585000,3.860465116
0,1585730,1585680,3.745098039
0,1586107,1586000,2.333333333
0,1588023,1587900,3.475806452
0,1590300,1589989,4.141025641
0,1596900,1596800,2.455445545
0,1598524,1598400,2.448
0,1604263,1603599,14.37443609
0,1606233,1606100,4.335820896
0,1608434,1608156,2.974910394
0,1610643,1610500,5.527777778
0,1612900,1612675,4.247787611
0,1614800,1614693,4.657407407
0,1617607,1616800,4.167079208
0,1621745,1621500,3.577235772
0,1622796,1622097,130.0214286
0,1625340,1625099,4.020661157
0,1630900,1629481,5.216197183
0,1634500,1634287,12.38317757
0,1637500,1637300,5.144278607
0,1638103,1638000,2.932692308
0,1638700,1638400,4.172757475
0,1638900,1638800,2.069306931
0,1640100,1639970,4.633587786
0,1643313,1643064,3.848
0,1651300,1651098,5.206896552
0,1652271,1651688,6.98630137
0,1659900,1659800,2.831683168
0,1662706,1662600,2.728971963
0,1667702,1667600,8.165048544
0,1669207,1669078,7.246153846
0,1669900,1669700,6.567164179
0,1670700,1670587,2.929824561
0,1674600,1674400,2.502487562
0,1675505,1675489,2
0,1678836,1678500,5.735905045
0,1683800,1683168,5.448657188
0,1687200,1686900,3.043189369
0,1692911,1692500,3.366504854
0,1697046,1696900,4.054421769
0,1698700,1698393,3.922077922
0,1701305,1700891,4.187951807
0,1706600,1705100,193.6742172
0,1707114,1706768,6.152737752
0,1708600,1707800,3.960049938
0,1709200,1708789,8.27184466
0,1710410,1709974,7.208237986
0,1711500,1711291,2.419047619
0,1713330,1712200,4.150309461
0,1714623,1713700,9.704545455
0,1722000,1721900,2.415841584
0,1723511,1723200,4.682692308
0,1728753,1728566,10.73404255
0,1729506,1729295,2.438679245
0,1735101,1734996,2.462264151
0,1737729,1737200,3.824528302
0,1741300,1741200,2.415841584
0,1742456,1742100,5.691876751
0,1749242,1748969,10.81751825
0,1750443,1749587,6.182030338
0,1752400,1752299,3.049019608
0,1754400,1754100,3.913621262
0,1758016,1757900,4.512820513
0,1759000,1758859,4.126760563
0,1764700,1764599,2.843137255
0,1775600,1774200,3.055674518
0,1776826,1776685,3.133802817
0,1777325,1777200,3
0,1781200,1781082,2.193277311
0,1792714,1792000,37.73006993
0,1795400,1795300,3.277227723
0,1797037,1796696,3.035087719
0,1801600,1801400,9.766169154
0,1809600,1809400,5.054726368
0,1813429,1813060,5.143243243
0,1814200,1814000,3.07960199
0,1814500,1814295,2.223300971
0,1815657,1815272,5.68134715
0,1827728,1827500,4.938864629
0,1829317,1829186,4.825757576
0,1831929,1831798,3.575757576
0,1841900,1841500,2.256857855
0,1844000,1843900,2.435643564
0,1844317,1844200,2.042372881
0,1846400,1845700,8.587731812
0,1851400,1851100,2.22923588
0,1851707,1851600,5.481481481
0,1852700,1852265,9.263761468
0,1855000,1854799,3.886138614
0,1857100,1856800,2.398671096
0,1858649,1858591,3.288135593
0,1860201,1860100,2.31372549
0,1864100,1863669,5.289351852
0,1864332,1864274,4.627118644
0,1865500,1865300,2.781094527
0,1867900,1867386,5.122330097
0,1869100,1868864,10.27004219
0,1870000,1869500,4.05988024
0,1870500,1870276,11.80888889
0,1875500,1875175,3.690184049
0,1875827,1875677,4.01986755
0,1877317,1876900,5.325358852
0,1878600,1878292,3.734627832
0,1879700,1879200,2.862275449
0,1881123,1880887,2.654008439
0,1892930,1892451,6.26875
0,1902400,1902242,3.962264151
0,1918020,1917719,4.350993377
0,1920000,1919800,2.308457711
0,1921300,1921191,4.190909091
0,1922004,1921500,3.378217822
0,1923200,1922664,4.333333333
0,1927716,1927600,3.769230769
0,1928814,1928275,3.846296296
0,1929200,1928900,34.7807309
0,1930004,1929800,3.429268293
0,1934300,1934146,3.896774194
0,1946000,1945700,2.840531561
0,1958100,1957800,2.740863787
0,1960408,1960285,5.85483871
0,1964421,1964100,4.850931677
0,1967909,1967800,3.945454545
0,1968600,1968100,5.916167665
0,1973100,1972896,3.653658537
0,2002303,2002165,2.942446043
0,2004003,2003600,6.495049505
0,2005500,2005400,2.475247525
0,2007100,2007000,2.148514851
0,2011913,2011870,4.25
0,2012300,2012200,2.465346535
0,2014400,2014100,3.475083056
0,2024636,2024472,3.393939394
0,2025511,2025376,2.507352941
0,2031431,2031294,2.652173913
0,2036502,2036216,24.30313589
0,2037400,2037153,2.387096774
0,2038200,2038000,2.870646766
0,2039300,2039089,5.740566038
0,2041010,2040900,3.873873874
0,2051739,2051568,5.674418605
0,2053706,2052900,2.838909542
0,2054500,2054100,2.082294264
0,2055024,2054800,3.573333333
0,2072400,2072175,4.013274336
0,2074300,2074199,182.0980392
0,2079205,2079000,3.504854369
0,2079427,2079300,5.703125
0,2082300,2082175,3.19047619
0,2085450,2084955,666.4455645
0,2093300,2093060,2.941908714
0,2097900,2097700,2.676616915
0,2099489,2099000,5.769387755
0,2101800,2101500,2.259136213
0,2108246,2108086,5.260869565
0,2110200,2110000,2.960199005
0,2110500,2110400,2.059405941
0,2118741,2118600,3.922535211
0,2119400,2119300,2.356435644
0,2134702,2134385,3.289308176
0,2135500,2135400,6.059405941
0,2150800,2150000,10.61548065
0,2155333,2155000,3.410179641
0,2158000,2157800,2.184079602
0,2164214,2163800,2.096385542
0,2168100,2167686,5.645783133
0,2170402,2170186,8.115207373
0,2173500,2173170,3.848942598
0,2175900,2175578,9.328173375
0,2177801,2177500,2.586092715
0,2179200,2178875,2.490797546
0,2179400,2179300,2.801980198
0,2182200,2182082,2.655462185
0,2182840,2182700,3.560283688
0,2183753,2183670,5.714285714
0,2189210,2188799,3.973300971
0,2195000,2194600,4.695760599
0,2217131,2217000,2.265151515
0,2221633,2221385,4.815261044
0,2223046,2222499,3.830291971
0,2227250,2227083,9
0,2230300,2230100,5.273631841
0,2231900,2231594,4.442996743
0,2233832,2233500,3.516516517
0,2243111,2242958,3.623376623
0,2243819,2243779,3.853658537
0,2244100,2243981,2.941666667
0,2250100,2249800,2.906976744
0,2253700,2253354,4.890489914
0,2262724,2262600,3.096
0,2263700,2263600,4.198019802
0,2267900,2267600,2.651162791
0,2269500,2269300,4.174129353
0,2270500,2270000,2.025948104
0,2273425,2273181,2.783673469
0,2276043,2275766,6.715827338
0,2276800,2276685,3.931034483
0,2282834,2282700,2.755555556
0,2303611,2303387,3.266666667
0,2311624,2311400,3.173333333
0,2315330,2315000,3.214501511
0,2317235,2317100,3.852941176
0,2325017,2324900,2.677966102
0,2327500,2327300,3.492537313
0,2328100,2327600,3.089820359
0,2333500,2332974,2.855787476
0,2334100,2333800,3.109634551
0,2340200,2339880,2.473520249
0,2343147,2342800,2.887931034
0,2343803,2343476,4.024390244
0,2345325,2345258,28.38235294
0,2346616,2346491,5.46031746
0,2347931,2346900,3.432170543
0,2356200,2356076,2.808
0,2357006,2356800,2.792270531
0,2362541,2362276,2.838345865
0,2371400,2371289,4.607142857
0,2373231,2373000,4
0,2374607,2374571,4.216216216
0,2377025,2376993,3.303030303
0,2379404,2379346,3.627118644
0,2390212,2390100,2.619469027
0,2390745,2390374,3.365591398
0,2391401,2391100,6.218543046
0,2395604,2395300,2.780327869
0,2398908,2398432,19.90566038
0,2399400,2399100,3.139534884
0,2408100,2407900,19.97014925
0,2408900,2408771,3.092307692
0,2410400,2410000,2.092269327
0,2412508,2412457,6.096153846
0,2416300,2416176,3.392
0,2417449,2417000,3.842222222
0,2421102,2420800,2.653465347
0,2425807,2425259,4.9143898
0,2426900,2426772,8.627906977
0,2427600,2427455,4.780821918
0,2428200,2428043,3.664556962
0,2434603,2434368,4.724576271
0,2435709,2435200,3.811764706
0,2436600,2436500,2.821782178
0,2441824,2441700,2.8
0,2443800,2443400,2.16957606
0,2444600,2444500,3
0,2445300,2445000,4.252491694
0,2445803,2445765,5.282051282
0,2448300,2447997,2.769736842
0,2449500,2449200,3.219269103
0,2450200,2449979,2.310810811
0,2480400,2480200,2.049751244
0,2483729,2483600,3.184615385
0,2492200,2491973,5.916666667
0,2492855,2492400,4.956140351
0,2515011,2514254,2.555408971
0,2515429,2515200,2.582608696
0,2524100,2523993,2.777777778
0,2525300,2525000,7.169435216
0,2526800,2525838,6.657320872
0,2534500,2534100,3.139650873
0,2535000,2534686,7.628571429
0,2538600,2538481,2.25
0,2547025,2546798,6.526315789
0,2551006,2550500,4.295857988
0,2551306,2551200,2.224299065
0,2553200,2552800,3.371571072
0,2555000,2554600,6.219451372
0,2555900,2555774,3.905511811
0,2557900,2557300,3.044925125
0,2560219,2560000,2.490909091
0,2560423,2560300,4.040322581
0,2571117,2570800,9.836477987
0,2572511,2572091,4.439429929
0,2572919,2572763,3.286624204
0,2573800,2573500,2.34551495
0,2589509,2589398,5.089285714
0,2590201,2590158,3.590909091
0,2593300,2593175,7.095238095
0,2595700,2595367,2.215568862
0,2610504,2610000,2.295049505
0,2611500,2611400,4.633663366
0,2611940,2611800,2.361702128
0,2612231,2612000,8.370689655
0,2617800,2617697,3.625
0,2618410,2618072,6.247787611
0,2625326,2625100,4.559471366
0,2628118,2628094,6.04
0,2637505,2637387,3.075630252
0,2640600,2640353,21.11693548
0,2643200,2643073,5.921875
0,2644100,2643996,2.666666667
0,2646242,2646084,3.660377358
0,2647100,2646583,2.137065637
0,2650623,2650585,3.666666667
0,2651344,2651099,7.418699187
0,2654800,2654162,5.693270736
0,2668300,2668186,6.626086957
0,2669123,2668986,4.144927536
0,2675012,2673797,3.290296053
0,2676604,2676100,43.53069307
0,2678800,2678266,6.968224299
0,2679900,2679700,2.23880597
0,2691100,2690989,4.580357143
0,2692000,2691300,3.512125535