Scaffold,Transcription Start,Strand,ORF
NC_007604,65,+,Synpcc7942_0001
NC_007604,1262,+,Synpcc7942_0002
NC_007604,2173,+,Synpcc7942_0003
NC_007604,4596,+,Synpcc7942_0004
NC_007604,,-,Synpcc7942_0005
NC_007604,,-,Synpcc7942_0006
NC_007604,,-,Synpcc7942_0007
NC_007604,8859,-,Synpcc7942_0008
NC_007604,8964,+,Synpcc7942_0009
NC_007604,10878,-,Synpcc7942_0010
NC_007604,11474,-,Synpcc7942_0011
NC_007604,11989,-,Synpcc7942_0012
NC_007604,12321,+,Synpcc7942_0013
NC_007604,13411,-,Synpcc7942_0014
NC_007604,,-,Synpcc7942_0015
NC_007604,15020,+,Synpcc7942_0016
NC_007604,,-,Synpcc7942_0017
NC_007604,18392,-,Synpcc7942_0018
NC_007604,18615,+,Synpcc7942_0019
NC_007604,,+,Synpcc7942_0020
NC_007604,,-,Synpcc7942_0021
NC_007604,23049,-,Synpcc7942_0022
NC_007604,24121,-,Synpcc7942_0023
NC_007604,25371,-,Synpcc7942_0024
NC_007604,25416,+,Synpcc7942_0025
NC_007604,28059,-,Synpcc7942_0026
NC_007604,,+,Synpcc7942_0027
NC_007604,,+,Synpcc7942_0028
NC_007604,,+,Synpcc7942_0029
NC_007604,30834,+,Synpcc7942_0030
NC_007604,,+,Synpcc7942_0031
NC_007604,,-,Synpcc7942_0032
NC_007604,33506,-,Synpcc7942_0033
NC_007604,,+,Synpcc7942_0034
NC_007604,,-,Synpcc7942_0035
NC_007604,35341,+,Synpcc7942_0036
NC_007604,36326,-,Synpcc7942_0037
NC_007604,36479,+,Synpcc7942_0038
NC_007604,37130,+,Synpcc7942_0039
NC_007604,38630,+,Synpcc7942_0040
NC_007604,,+,Synpcc7942_0041
NC_007604,41091,-,Synpcc7942_0042
NC_007604,,-,Synpcc7942_0043
NC_007604,41495,+,Synpcc7942_0044
NC_007604,,+,Synpcc7942_0045
NC_007604,,+,Synpcc7942_0046
NC_007604,46515,+,Synpcc7942_0047
NC_007604,49361,-,Synpcc7942_0048
NC_007604,49984,-,Synpcc7942_0049
NC_007604,50024,+,Synpcc7942_0050
NC_007604,54507,-,Synpcc7942_0051
NC_007604,55030,-,Synpcc7942_0052
NC_007604,,-,Synpcc7942_0053
NC_007604,57190,-,Synpcc7942_0054
NC_007604,57908,-,Synpcc7942_0055
NC_007604,59071,-,Synpcc7942_0056
NC_007604,,-,Synpcc7942_0057
NC_007604,60846,-,Synpcc7942_0058
NC_007604,,-,Synpcc7942_0059
NC_007604,,-,Synpcc7942_0060
NC_007604,,-,Synpcc7942_0061
NC_007604,63278,-,Synpcc7942_0062
NC_007604,,-,Synpcc7942_0063
NC_007604,,-,Synpcc7942_0064
NC_007604,65562,-,Synpcc7942_0065
NC_007604,,-,Synpcc7942_0066
NC_007604,,-,Synpcc7942_0067
NC_007604,68980,-,Synpcc7942_0068
NC_007604,69001,+,Synpcc7942_0069
NC_007604,,-,Synpcc7942_0070
NC_007604,71139,-,Synpcc7942_0071
NC_007604,71960,-,Synpcc7942_0072
NC_007604,73196,-,Synpcc7942_0073
NC_007604,,-,Synpcc7942_0074
NC_007604,73775,+,Synpcc7942_0075
NC_007604,,+,Synpcc7942_0076
NC_007604,75853,+,Synpcc7942_0077
NC_007604,77063,-,Synpcc7942_0078
NC_007604,77584,-,Synpcc7942_0079
NC_007604,78872,-,Synpcc7942_0080
NC_007604,79268,-,Synpcc7942_0081
NC_007604,79265,+,Synpcc7942_0082
NC_007604,81023,+,Synpcc7942_0083
NC_007604,,+,Synpcc7942_0084
NC_007604,,-,Synpcc7942_0085
NC_007604,84963,-,Synpcc7942_0086
NC_007604,86475,-,Synpcc7942_0087
NC_007604,86547,+,Synpcc7942_0088
NC_007604,87796,-,Synpcc7942_R0025
NC_007604,88615,-,Synpcc7942_0089
NC_007604,88735,+,Synpcc7942_0090
NC_007604,90453,-,Synpcc7942_0091
NC_007604,90930,-,Synpcc7942_0092
NC_007604,90962,+,Synpcc7942_0093
NC_007604,,+,Synpcc7942_0094
NC_007604,93339,-,Synpcc7942_0095
NC_007604,93729,-,Crm
NC_007604,94285,-,Synpcc7942_0096
NC_007604,,-,Synpcc7942_0097
NC_007604,100086,-,Synpcc7942_0098
NC_007604,100202,+,Synpcc7942_0099
NC_007604,101082,-,Synpcc7942_0100
NC_007604,101217,+,Synpcc7942_0101
NC_007604,102674,+,Synpcc7942_0102
NC_007604,,-,Synpcc7942_0103
NC_007604,104414,-,Synpcc7942_0104
NC_007604,,-,Synpcc7942_0105
NC_007604,106952,-,Synpcc7942_0106
NC_007604,108383,-,Synpcc7942_0107
NC_007604,108556,+,Synpcc7942_0108
NC_007604,108877,+,Synpcc7942_0109
NC_007604,109390,+,Synpcc7942_0110
NC_007604,,+,Synpcc7942_0111
NC_007604,,+,Synpcc7942_0112
NC_007604,113196,+,Synpcc7942_0113
NC_007604,113295,+,Synpcc7942_0114
NC_007604,,-,Synpcc7942_0115
NC_007604,,+,Synpcc7942_0116
NC_007604,115391,+,Synpcc7942_0117
NC_007604,116943,+,Synpcc7942_0118
NC_007604,,-,Synpcc7942_0119
NC_007604,119993,-,Synpcc7942_0120
NC_007604,,-,Synpcc7942_0121
NC_007604,121282,+,Synpcc7942_R0026
NC_007604,123573,-,Synpcc7942_0122
NC_007604,,-,Synpcc7942_0123
NC_007604,123940,+,Synpcc7942_R0027
NC_007604,124669,-,Synpcc7942_0124
NC_007604,125367,-,Synpcc7942_0125
NC_007604,126158,-,Synpcc7942_0126
NC_007604,126367,+,Synpcc7942_0127
NC_007604,127151,+,Synpcc7942_0128
NC_007604,,+,Synpcc7942_0129
NC_007604,129409,-,Synpcc7942_0130
NC_007604,132495,-,Synpcc7942_0131
NC_007604,,-,Synpcc7942_0132
NC_007604,133915,+,Synpcc7942_0133
NC_007604,,+,Synpcc7942_0134
NC_007604,,-,Synpcc7942_0135
NC_007604,,-,Synpcc7942_0136
NC_007604,138115,+,Synpcc7942_0137
NC_007604,139416,+,Synpcc7942_0138
NC_007604,140150,+,Synpcc7942_0139
NC_007604,,-,Synpcc7942_0140
NC_007604,143562,-,Synpcc7942_0141
NC_007604,144979,-,Synpcc7942_0142
NC_007604,146127,-,Synpcc7942_0143
NC_007604,146268,+,Synpcc7942_0144
NC_007604,147205,-,Synpcc7942_0145
NC_007604,147160,+,Synpcc7942_0146
NC_007604,148503,-,Synpcc7942_0147
NC_007604,148646,+,Synpcc7942_0148
NC_007604,,-,Synpcc7942_0149
NC_007604,,-,Synpcc7942_0150
NC_007604,152358,+,Synpcc7942_0151
NC_007604,156011,-,Synpcc7942_0152
NC_007604,156307,-,Synpcc7942_0153
NC_007604,156340,+,Synpcc7942_0154
NC_007604,,+,Synpcc7942_0155
NC_007604,158852,-,Synpcc7942_0156
NC_007604,159562,-,Synpcc7942_0157
NC_007604,161197,-,Synpcc7942_0158
NC_007604,,-,Synpcc7942_0159
NC_007604,161726,+,Synpcc7942_0160
NC_007604,162759,+,Synpcc7942_0161
NC_007604,163405,+,Synpcc7942_0162
NC_007604,163761,+,Synpcc7942_0163
NC_007604,164548,+,Synpcc7942_0164
NC_007604,164986,+,Synpcc7942_0165
NC_007604,,+,Synpcc7942_0166
NC_007604,166532,+,Synpcc7942_R0028
NC_007604,166925,-,Synpcc7942_0167
NC_007604,167065,+,Synpcc7942_0168
NC_007604,168157,+,Synpcc7942_0169
NC_007604,170498,+,Synpcc7942_0170
NC_007604,170797,+,Synpcc7942_0171
NC_007604,,+,Synpcc7942_0172
NC_007604,,-,Synpcc7942_0173
NC_007604,,+,Synpcc7942_0174
NC_007604,,+,Synpcc7942_0175
NC_007604,174295,+,Synpcc7942_0176
NC_007604,,-,Synpcc7942_0177
NC_007604,176471,-,Synpcc7942_0178
NC_007604,,+,Synpcc7942_0179
NC_007604,,-,Synpcc7942_0180
NC_007604,179824,-,Synpcc7942_0181
NC_007604,,-,Synpcc7942_0182
NC_007604,181078,+,Synpcc7942_0183
NC_007604,,+,Synpcc7942_0184
NC_007604,,+,Synpcc7942_0185
NC_007604,,+,Synpcc7942_0186
NC_007604,,-,Synpcc7942_0187
NC_007604,185682,+,Synpcc7942_0188
NC_007604,189258,-,Synpcc7942_0189
NC_007604,,-,Synpcc7942_0190
NC_007604,190472,+,Synpcc7942_0191
NC_007604,192186,-,Synpcc7942_0192
NC_007604,192471,-,Synpcc7942_0193
NC_007604,195516,-,Synpcc7942_0194
NC_007604,195630,+,Synpcc7942_0195
NC_007604,,-,Synpcc7942_0196
NC_007604,198933,-,Synpcc7942_0197
NC_007604,,-,Synpcc7942_0198
NC_007604,,-,Synpcc7942_0199
NC_007604,,-,Synpcc7942_0200
NC_007604,,-,Synpcc7942_0201
NC_007604,204089,-,Synpcc7942_0202
NC_007604,,-,Synpcc7942_0203
NC_007604,206046,-,Synpcc7942_0204
NC_007604,206198,+,Synpcc7942_0205
NC_007604,,+,Synpcc7942_0206
NC_007604,208813,+,Synpcc7942_0207
NC_007604,209056,+,Synpcc7942_0208
NC_007604,212450,-,Synpcc7942_0209
NC_007604,212496,+,Synpcc7942_0210
NC_007604,,+,Synpcc7942_0211
NC_007604,214471,+,Synpcc7942_0212
NC_007604,,-,Synpcc7942_0213
NC_007604,216509,+,Synpcc7942_0214
NC_007604,217813,-,Synpcc7942_0215
NC_007604,219131,-,Synpcc7942_0216
NC_007604,219113,+,Synpcc7942_0217
NC_007604,219927,+,Synpcc7942_R0029
NC_007604,220191,-,Synpcc7942_0218
NC_007604,220637,-,Synpcc7942_0219
NC_007604,221397,-,Synpcc7942_0220
NC_007604,221486,+,Synpcc7942_0221
NC_007604,,+,Synpcc7942_0222
NC_007604,223805,-,Synpcc7942_0223
NC_007604,223962,-,Synpcc7942_0224
NC_007604,224056,+,Synpcc7942_0225
NC_007604,224264,+,Synpcc7942_0226
NC_007604,,+,Synpcc7942_0227
NC_007604,225284,+,Synpcc7942_0228
NC_007604,225658,+,Synpcc7942_0229
NC_007604,227309,-,Synpcc7942_0230
NC_007604,,-,Synpcc7942_0231
NC_007604,229285,-,Synpcc7942_0232
NC_007604,230055,-,Synpcc7942_0233
NC_007604,231150,-,Synpcc7942_0234
NC_007604,231162,+,Synpcc7942_0235
NC_007604,232018,+,Synpcc7942_0236
NC_007604,,-,Synpcc7942_0237
NC_007604,234324,-,Synpcc7942_0238
NC_007604,234815,-,Synpcc7942_0239
NC_007604,235342,-,Synpcc7942_0240
NC_007604,235487,+,Synpcc7942_0241
NC_007604,238275,-,Synpcc7942_0242
NC_007604,238522,-,Synpcc7942_0243
NC_007604,241156,-,Synpcc7942_0244
NC_007604,242229,-,Synpcc7942_0245
NC_007604,242365,+,Synpcc7942_0246
NC_007604,243507,+,Synpcc7942_0247
NC_007604,244642,+,Synpcc7942_0248
NC_007604,,+,Synpcc7942_0249
NC_007604,,+,Synpcc7942_0250
NC_007604,,+,Synpcc7942_0251
NC_007604,248170,-,Synpcc7942_0252
NC_007604,248629,-,Synpcc7942_0253
NC_007604,248803,+,Synpcc7942_0254
NC_007604,252783,-,Synpcc7942_0255
NC_007604,252873,+,Synpcc7942_0256
NC_007604,,-,Synpcc7942_0257
NC_007604,254894,+,Synpcc7942_0258
NC_007604,255474,+,Synpcc7942_0259
NC_007604,258435,-,Synpcc7942_0260
NC_007604,259358,-,Synpcc7942_0261
NC_007604,259226,+,Synpcc7942_0262
NC_007604,260700,+,Synpcc7942_0263
NC_007604,,+,Synpcc7942_0264
NC_007604,,-,Synpcc7942_0265
NC_007604,263195,-,Synpcc7942_0266
NC_007604,263414,+,Synpcc7942_0267
NC_007604,264964,-,Synpcc7942_0268
NC_007604,265857,-,Synpcc7942_0269
NC_007604,265975,+,Synpcc7942_0270
NC_007604,,+,Synpcc7942_0271
NC_007604,,+,Synpcc7942_0272
NC_007604,,+,Synpcc7942_0273
NC_007604,269324,+,Synpcc7942_0274
NC_007604,,+,Synpcc7942_0275
NC_007604,271473,-,Synpcc7942_0276
NC_007604,273532,-,Synpcc7942_0277
NC_007604,273657,+,Synpcc7942_0278
NC_007604,,+,Synpcc7942_0279
NC_007604,,-,Synpcc7942_0280
NC_007604,278116,-,Synpcc7942_0281
NC_007604,279467,-,Synpcc7942_0282
NC_007604,,-,Synpcc7942_0283
NC_007604,280701,+,Synpcc7942_0284
NC_007604,281049,+,Synpcc7942_0285
NC_007604,,+,Synpcc7942_0286
NC_007604,281897,+,Synpcc7942_0287
NC_007604,283962,-,Synpcc7942_0288
NC_007604,284148,+,Synpcc7942_0289
NC_007604,287003,+,Synpcc7942_0290
NC_007604,288232,-,Synpcc7942_R0030
NC_007604,288312,+,Synpcc7942_0291
NC_007604,288534,+,Synpcc7942_0292
NC_007604,290095,-,Synpcc7942_0293
NC_007604,290243,+,Synpcc7942_0294
NC_007604,291417,+,Synpcc7942_0295
NC_007604,292720,+,Synpcc7942_0296
NC_007604,294850,+,Synpcc7942_0297
NC_007604,,-,Synpcc7942_0298
NC_007604,298373,-,Synpcc7942_0299
NC_007604,299444,-,Synpcc7942_0300
NC_007604,299628,+,Synpcc7942_0301
NC_007604,,-,Synpcc7942_0302
NC_007604,,+,Synpcc7942_0303
NC_007604,302833,+,Synpcc7942_0304
NC_007604,303815,+,Synpcc7942_0305
NC_007604,,-,Synpcc7942_0306
NC_007604,305936,-,Synpcc7942_0307
NC_007604,307138,-,Synpcc7942_0308
NC_007604,309103,-,Synpcc7942_0309
NC_007604,,-,Synpcc7942_0310
NC_007604,311253,-,Synpcc7942_0311
NC_007604,311708,-,Synpcc7942_0312
NC_007604,311762,+,Synpcc7942_0313
NC_007604,,-,Synpcc7942_0314
NC_007604,314431,-,Synpcc7942_0315
NC_007604,314723,-,Synpcc7942_0316
NC_007604,314897,+,Synpcc7942_0317
NC_007604,315642,+,Synpcc7942_0318
NC_007604,316162,+,Synpcc7942_0319
NC_007604,317010,+,Synpcc7942_0320
NC_007604,318572,-,Synpcc7942_0321
NC_007604,,-,Synpcc7942_0322
NC_007604,320804,-,Synpcc7942_0323
NC_007604,322008,-,Synpcc7942_0324
NC_007604,322344,-,Synpcc7942_0325
NC_007604,322886,-,Synpcc7942_0326
NC_007604,323440,-,Synpcc7942_0327
NC_007604,325984,-,Synpcc7942_0328
NC_007604,326113,+,Synpcc7942_0329
NC_007604,327394,+,Synpcc7942_0330
NC_007604,327926,+,Synpcc7942_0331
NC_007604,328738,+,Synpcc7942_0332
NC_007604,329108,+,Synpcc7942_0333
NC_007604,329764,+,Synpcc7942_0334
NC_007604,330289,+,Synpcc7942_0335
NC_007604,330832,+,Synpcc7942_0336
NC_007604,332406,+,Synpcc7942_0337
NC_007604,333517,+,Synpcc7942_0338
NC_007604,,+,Synpcc7942_0339
NC_007604,,+,Synpcc7942_0340
NC_007604,,+,Synpcc7942_0341
NC_007604,336363,+,Synpcc7942_0342
NC_007604,336591,+,Synpcc7942_0343
NC_007604,338459,-,Synpcc7942_0344
NC_007604,339306,-,Synpcc7942_0345
NC_007604,339352,+,Synpcc7942_0346
NC_007604,340239,+,Synpcc7942_0347
NC_007604,341859,-,Synpcc7942_0348
NC_007604,342557,-,Synpcc7942_0349
NC_007604,342793,+,Synpcc7942_0350
NC_007604,,+,Synpcc7942_0351
NC_007604,345431,-,Synpcc7942_0352
NC_007604,345470,+,Synpcc7942_0353
NC_007604,,-,Synpcc7942_0354
NC_007604,348871,-,Synpcc7942_0355
NC_007604,349146,-,Synpcc7942_0356
NC_007604,351278,-,Synpcc7942_0357
NC_007604,,-,Synpcc7942_0358
NC_007604,352026,+,Synpcc7942_0359
NC_007604,354299,-,Synpcc7942_0360
NC_007604,354510,+,Synpcc7942_0361
NC_007604,354800,+,Synpcc7942_0362
NC_007604,355509,+,Synpcc7942_0363
NC_007604,355865,+,Synpcc7942_0364
NC_007604,356676,+,Synpcc7942_0365
NC_007604,357547,+,Synpcc7942_0366
NC_007604,360690,-,Synpcc7942_0367
NC_007604,,+,Synpcc7942_0368
NC_007604,362147,+,Synpcc7942_0369
NC_007604,363763,+,Synpcc7942_0370
NC_007604,,+,Synpcc7942_0371
NC_007604,,+,Synpcc7942_0372
NC_007604,,-,Synpcc7942_0373
NC_007604,368574,-,Synpcc7942_0374
NC_007604,,-,Synpcc7942_0375
NC_007604,,-,Synpcc7942_0376
NC_007604,372369,-,Synpcc7942_0377
NC_007604,372532,+,Synpcc7942_0378
NC_007604,373380,+,Synpcc7942_0379
NC_007604,373785,+,Synpcc7942_0380
NC_007604,375346,-,Synpcc7942_0381
NC_007604,375722,-,Synpcc7942_0382
NC_007604,376448,-,Synpcc7942_0383
NC_007604,,-,Synpcc7942_0384
NC_007604,378694,-,Synpcc7942_0385
NC_007604,378981,+,Synpcc7942_0386
NC_007604,380395,+,Synpcc7942_0387
NC_007604,,-,Synpcc7942_0388
NC_007604,382081,+,Synpcc7942_0389
NC_007604,383454,-,Synpcc7942_0390
NC_007604,385147,-,Synpcc7942_0391
NC_007604,,-,Synpcc7942_0392
NC_007604,386677,+,Synpcc7942_0393
NC_007604,388220,-,Synpcc7942_0394
NC_007604,388494,+,Synpcc7942_0395
NC_007604,389953,+,Synpcc7942_0396
NC_007604,,+,Synpcc7942_0397
NC_007604,392990,+,Synpcc7942_0398
NC_007604,394578,-,Synpcc7942_0399
NC_007604,395210,-,Synpcc7942_0400
NC_007604,395731,-,Synpcc7942_0401
NC_007604,397396,-,Synpcc7942_0402
NC_007604,397579,-,Synpcc7942_0403
NC_007604,398640,-,Synpcc7942_0404
NC_007604,398870,+,Synpcc7942_0405
NC_007604,399953,+,Synpcc7942_0406
NC_007604,400671,-,Synpcc7942_0407
NC_007604,,+,Synpcc7942_0408
NC_007604,401749,-,Synpcc7942_0409
NC_007604,402022,-,Synpcc7942_0410
NC_007604,403021,-,Synpcc7942_0411
NC_007604,,-,Synpcc7942_0412
NC_007604,403768,-,Synpcc7942_0413
NC_007604,,+,Synpcc7942_0414
NC_007604,406149,-,Synpcc7942_0415
NC_007604,406389,+,Synpcc7942_0416
NC_007604,406811,+,Synpcc7942_0417
NC_007604,408415,+,Synpcc7942_0418
NC_007604,409903,-,Synpcc7942_0419
NC_007604,411516,-,Synpcc7942_0420
NC_007604,411946,-,Synpcc7942_0421
NC_007604,412147,+,Synpcc7942_0422
NC_007604,413614,-,Synpcc7942_0423
NC_007604,413842,+,Synpcc7942_0424
NC_007604,415441,-,Synpcc7942_0425
NC_007604,416086,-,Synpcc7942_0426
NC_007604,416951,-,Synpcc7942_0427
NC_007604,418610,-,Synpcc7942_0428
NC_007604,419220,-,Synpcc7942_0429
NC_007604,419382,+,Synpcc7942_0430
NC_007604,,+,Synpcc7942_0431
NC_007604,,+,Synpcc7942_0432
NC_007604,423632,+,Synpcc7942_0433
NC_007604,424984,-,Synpcc7942_R0031
NC_007604,425057,+,Synpcc7942_0434
NC_007604,,+,Synpcc7942_0435
NC_007604,,+,Synpcc7942_0436
NC_007604,,+,Synpcc7942_0437
NC_007604,,+,Synpcc7942_0438
NC_007604,429300,-,Synpcc7942_0439
NC_007604,430479,-,Synpcc7942_0440
NC_007604,430523,+,Synpcc7942_0441
NC_007604,431404,+,Synpcc7942_0442
NC_007604,434317,-,Synpcc7942_0443
NC_007604,435040,-,Synpcc7942_0444
NC_007604,436438,-,Synpcc7942_0445
NC_007604,436823,-,Synpcc7942_0446
NC_007604,,-,Synpcc7942_0447
NC_007604,438628,-,Synpcc7942_0448
NC_007604,440006,-,Synpcc7942_0449
NC_007604,440295,-,Synpcc7942_0450
NC_007604,440670,+,Synpcc7942_0451
NC_007604,441836,-,Synpcc7942_0452
NC_007604,442017,+,Synpcc7942_0453
NC_007604,,-,Synpcc7942_0454
NC_007604,,+,Synpcc7942_0455
NC_007604,445196,+,Synpcc7942_0456
NC_007604,,+,Synpcc7942_0457
NC_007604,447051,-,Synpcc7942_0458
NC_007604,448166,-,Synpcc7942_0459
NC_007604,,-,Synpcc7942_0460
NC_007604,,-,Synpcc7942_0461
NC_007604,,-,Synpcc7942_0462
NC_007604,,-,Synpcc7942_0463
NC_007604,450993,-,Synpcc7942_0464
NC_007604,451748,-,Synpcc7942_0465
NC_007604,451838,+,Synpcc7942_0466
NC_007604,,-,Synpcc7942_0467
NC_007604,455045,-,Synpcc7942_0468
NC_007604,456670,-,Synpcc7942_0469
NC_007604,457211,+,Synpcc7942_0470
NC_007604,457882,+,Synpcc7942_0471
NC_007604,458795,+,Synpcc7942_0472
NC_007604,459096,+,Synpcc7942_0473
NC_007604,460448,-,Synpcc7942_0474
NC_007604,460544,-,Synpcc7942_0475
NC_007604,460552,+,Synpcc7942_0476
NC_007604,461293,-,Synpcc7942_0477
NC_007604,,-,Synpcc7942_0478
NC_007604,463749,-,Synpcc7942_0479
NC_007604,463901,+,Synpcc7942_0480
NC_007604,465713,+,Synpcc7942_0481
NC_007604,468775,-,Synpcc7942_0482
NC_007604,469239,-,Synpcc7942_0483
NC_007604,470874,-,Synpcc7942_0484
NC_007604,470975,+,Synpcc7942_0485
NC_007604,472319,+,Synpcc7942_0486
NC_007604,474172,-,Synpcc7942_0487
NC_007604,474316,+,Synpcc7942_0488
NC_007604,477044,-,Synpcc7942_0489
NC_007604,477395,+,Synpcc7942_0490
NC_007604,479700,+,Synpcc7942_0491
NC_007604,,-,Synpcc7942_0492
NC_007604,,+,Synpcc7942_0493
NC_007604,,-,Synpcc7942_0494
NC_007604,483517,-,Synpcc7942_0495
NC_007604,484323,-,Synpcc7942_0496
NC_007604,484504,-,Synpcc7942_0497
NC_007604,484585,+,Synpcc7942_0498
NC_007604,488370,-,Synpcc7942_0499
NC_007604,488823,-,Synpcc7942_0500
NC_007604,489483,-,Synpcc7942_0501
NC_007604,,-,Synpcc7942_0502
NC_007604,,-,Synpcc7942_0503
NC_007604,491765,-,Synpcc7942_0504
NC_007604,492867,-,Synpcc7942_0505
NC_007604,492988,+,Synpcc7942_0506
NC_007604,,+,Synpcc7942_0507
NC_007604,,+,Synpcc7942_0508
NC_007604,,+,Synpcc7942_0509
NC_007604,496580,-,Synpcc7942_0510
NC_007604,497579,-,Synpcc7942_0511
NC_007604,498808,-,Synpcc7942_0512
NC_007604,499653,-,Synpcc7942_0513
NC_007604,500105,-,Synpcc7942_0514
NC_007604,,-,Synpcc7942_0515
NC_007604,501970,-,Synpcc7942_0516
NC_007604,,-,Synpcc7942_0517
NC_007604,504393,+,Synpcc7942_0518
NC_007604,505620,+,Synpcc7942_0519
NC_007604,506188,+,Synpcc7942_0520
NC_007604,,+,Synpcc7942_0521
NC_007604,507941,+,Synpcc7942_0522
NC_007604,508794,-,Synpcc7942_0523
NC_007604,509223,-,Synpcc7942_0524
NC_007604,510332,-,Synpcc7942_0525
NC_007604,510412,+,Synpcc7942_0526
NC_007604,512391,-,Synpcc7942_0527
NC_007604,513578,-,Synpcc7942_0528
NC_007604,513543,+,Synpcc7942_0529
NC_007604,,+,Synpcc7942_0530
NC_007604,515313,+,Synpcc7942_0531
NC_007604,,-,Synpcc7942_0532
NC_007604,517015,-,Synpcc7942_0533
NC_007604,519054,-,Synpcc7942_0534
NC_007604,519408,-,Synpcc7942_0535
NC_007604,519699,+,Synpcc7942_0536
NC_007604,520081,+,Synpcc7942_0537
NC_007604,521502,+,Synpcc7942_0538
NC_007604,,+,Synpcc7942_0539
NC_007604,524367,+,Synpcc7942_0540
NC_007604,524830,+,Synpcc7942_0541
NC_007604,525333,+,Synpcc7942_0542
NC_007604,526813,-,Synpcc7942_0543
NC_007604,526892,+,Synpcc7942_0544
NC_007604,,+,Synpcc7942_0545
NC_007604,527836,+,Synpcc7942_0546
NC_007604,,-,Synpcc7942_0547
NC_007604,531783,-,Synpcc7942_0548
NC_007604,531884,+,Synpcc7942_0549
NC_007604,532654,+,Synpcc7942_0550
NC_007604,533525,+,Synpcc7942_0551
NC_007604,534067,+,Synpcc7942_0552
NC_007604,536778,-,Synpcc7942_0553
NC_007604,536594,+,Synpcc7942_0554
NC_007604,,+,Synpcc7942_0555
NC_007604,539219,-,Synpcc7942_0556
NC_007604,539414,+,Synpcc7942_0557
NC_007604,539606,+,Synpcc7942_0558
NC_007604,541242,-,Synpcc7942_0559
NC_007604,541979,-,Synpcc7942_0560
NC_007604,541955,+,Synpcc7942_0561
NC_007604,543050,+,Synpcc7942_0562
NC_007604,545654,-,Synpcc7942_0563
NC_007604,545774,+,Synpcc7942_0564
NC_007604,546588,+,Synpcc7942_0565
NC_007604,547262,+,Synpcc7942_0566
NC_007604,549368,-,Synpcc7942_0567
NC_007604,550687,-,Synpcc7942_0568
NC_007604,551653,-,Synpcc7942_0569
NC_007604,553221,-,Synpcc7942_0570
NC_007604,,-,Synpcc7942_0571
NC_007604,555153,-,Synpcc7942_0572
NC_007604,555218,+,Synpcc7942_R0032
NC_007604,555533,-,Synpcc7942_0573
NC_007604,555612,+,Synpcc7942_0574
NC_007604,556977,-,Synpcc7942_0575
NC_007604,557200,+,Synpcc7942_0576
NC_007604,558144,+,Synpcc7942_0577
NC_007604,558408,+,Synpcc7942_0578
NC_007604,559632,+,Synpcc7942_0579
NC_007604,562561,-,Synpcc7942_0580
NC_007604,562981,-,Synpcc7942_0581
NC_007604,,-,Synpcc7942_0582
NC_007604,564123,+,Synpcc7942_0583
NC_007604,566079,-,Synpcc7942_0584
NC_007604,567399,-,Synpcc7942_0585
NC_007604,,-,Synpcc7942_0586
NC_007604,568589,+,Synpcc7942_R0004
NC_007604,570240,+,Synpcc7942_R0033
NC_007604,570347,+,Synpcc7942_R0034
NC_007604,570624,+,Synpcc7942_R0005
NC_007604,573572,+,Synpcc7942_R0006
NC_007604,573854,+,Synpcc7942_0587
NC_007604,,-,Synpcc7942_0588
NC_007604,577911,+,Synpcc7942_0589
NC_007604,578574,+,Synpcc7942_0590
NC_007604,578971,+,Synpcc7942_0591
NC_007604,580394,-,Synpcc7942_0592
NC_007604,,-,Synpcc7942_0593
NC_007604,,-,Synpcc7942_0594
NC_007604,583398,-,Synpcc7942_0595
NC_007604,583466,+,Synpcc7942_0596
NC_007604,585264,-,Synpcc7942_0597
NC_007604,585701,+,Synpcc7942_0598
NC_007604,587716,+,Synpcc7942_R0035
NC_007604,588404,-,Synpcc7942_0599
NC_007604,590060,-,Synpcc7942_0600
NC_007604,590390,-,Synpcc7942_0601
NC_007604,591454,-,Synpcc7942_0602
NC_007604,592751,-,Synpcc7942_0603
NC_007604,592890,+,Synpcc7942_0604
NC_007604,,-,Synpcc7942_0605
NC_007604,,-,Synpcc7942_0606
NC_007604,595381,+,Synpcc7942_0607
NC_007604,595724,+,Synpcc7942_0608
NC_007604,596333,+,Synpcc7942_0609
NC_007604,597977,+,Synpcc7942_0610
NC_007604,599777,+,Synpcc7942_0611
NC_007604,603369,-,Synpcc7942_0612
NC_007604,,-,Synpcc7942_0613
NC_007604,605675,-,Synpcc7942_0614
NC_007604,605836,+,Synpcc7942_0615
NC_007604,,+,Synpcc7942_0616
NC_007604,607688,-,Synpcc7942_0617
NC_007604,607820,+,Synpcc7942_0618
NC_007604,609153,+,Synpcc7942_0619
NC_007604,609789,+,Synpcc7942_0620
NC_007604,610715,+,Synpcc7942_0621
NC_007604,611912,+,Synpcc7942_0622
NC_007604,613972,+,Synpcc7942_0623
NC_007604,615361,+,Synpcc7942_0624
NC_007604,,+,Synpcc7942_0625
NC_007604,618362,+,Synpcc7942_0626
NC_007604,620372,+,Synpcc7942_R0037
NC_007604,,+,Synpcc7942_0627
NC_007604,621277,+,Synpcc7942_0628
NC_007604,622340,-,Synpcc7942_0629
NC_007604,622432,+,Synpcc7942_0630
NC_007604,624321,-,Synpcc7942_0631
NC_007604,624957,-,Synpcc7942_0632
NC_007604,625791,-,Synpcc7942_0633
NC_007604,626291,-,Synpcc7942_0634
NC_007604,626916,-,Synpcc7942_0635
NC_007604,627197,-,Synpcc7942_0636
NC_007604,629962,-,Synpcc7942_0637
NC_007604,630463,-,Synpcc7942_0638
NC_007604,630677,+,Synpcc7942_0639
NC_007604,632225,+,Synpcc7942_0640
NC_007604,635996,-,Synpcc7942_0641
NC_007604,636670,-,Synpcc7942_0642
NC_007604,636762,+,Synpcc7942_0643
NC_007604,636966,+,Synpcc7942_0644
NC_007604,639397,+,Synpcc7942_0645
NC_007604,640765,+,Synpcc7942_0646
NC_007604,641196,+,Synpcc7942_0647
NC_007604,641837,+,Synpcc7942_0648
NC_007604,644045,-,Synpcc7942_0649
NC_007604,644659,-,Synpcc7942_0650
NC_007604,,+,Synpcc7942_0651
NC_007604,,-,Synpcc7942_0652
NC_007604,649441,-,Synpcc7942_0653
NC_007604,650009,-,Synpcc7942_0654
NC_007604,650207,+,Synpcc7942_0655
NC_007604,,+,Synpcc7942_0656
NC_007604,653440,-,Synpcc7942_0657
NC_007604,653770,-,Synpcc7942_0658
NC_007604,655275,-,Synpcc7942_0659
NC_007604,655282,+,Synpcc7942_0660
NC_007604,656270,+,Synpcc7942_0661
NC_007604,657943,+,Synpcc7942_0662
NC_007604,,+,Synpcc7942_0663
NC_007604,,+,Synpcc7942_0664
NC_007604,662978,-,Synpcc7942_0665
NC_007604,,+,Synpcc7942_0666
NC_007604,663923,+,Synpcc7942_0667
NC_007604,664446,-,Synpcc7942_0668
NC_007604,,+,Synpcc7942_0669
NC_007604,,+,Synpcc7942_0670
NC_007604,666156,+,Synpcc7942_0671
NC_007604,666882,+,Synpcc7942_0672
NC_007604,,+,Synpcc7942_0673
NC_007604,669288,+,Synpcc7942_0674
NC_007604,670818,-,Synpcc7942_0675
NC_007604,,+,Synpcc7942_0676
NC_007604,672631,-,Synpcc7942_0677
NC_007604,672767,+,Synpcc7942_0678
NC_007604,673441,+,Synpcc7942_R0038
NC_007604,673668,+,Synpcc7942_0679
NC_007604,674334,+,Synpcc7942_0680
NC_007604,675862,-,Synpcc7942_0681
NC_007604,675946,+,Synpcc7942_0682
NC_007604,676942,+,Synpcc7942_0683
NC_007604,678025,+,Synpcc7942_0684
NC_007604,678881,+,Synpcc7942_0685
NC_007604,680711,+,Synpcc7942_0686
NC_007604,,+,Synpcc7942_0687
NC_007604,,+,Synpcc7942_0688
NC_007604,,-,Synpcc7942_0689
NC_007604,685209,-,Synpcc7942_0690
NC_007604,685290,+,Synpcc7942_0691
NC_007604,,-,Synpcc7942_0692
NC_007604,,-,Synpcc7942_0693
NC_007604,688061,-,Synpcc7942_0694
NC_007604,688992,-,Synpcc7942_0695
NC_007604,689145,-,Synpcc7942_0696
NC_007604,690856,-,Synpcc7942_0697
NC_007604,691085,+,Synpcc7942_0698
NC_007604,691619,+,Synpcc7942_0699
NC_007604,692744,-,Synpcc7942_0700
NC_007604,692679,+,Synpcc7942_0701
NC_007604,,+,Synpcc7942_0702
NC_007604,694072,+,Synpcc7942_0703
NC_007604,695281,+,Synpcc7942_0704
NC_007604,,+,Synpcc7942_0705
NC_007604,,-,Synpcc7942_0706
NC_007604,,-,Synpcc7942_0707
NC_007604,698708,+,Synpcc7942_0708
NC_007604,700511,+,Synpcc7942_0709
NC_007604,701538,-,Synpcc7942_0710
NC_007604,701604,+,Synpcc7942_0711
NC_007604,706350,-,Synpcc7942_0712
NC_007604,707673,-,Synpcc7942_0713
NC_007604,709450,-,Synpcc7942_0714
NC_007604,709692,-,Synpcc7942_R0039
NC_007604,709919,+,Synpcc7942_0715
NC_007604,711226,+,Synpcc7942_R0040
NC_007604,711446,+,Synpcc7942_0716
NC_007604,,-,Synpcc7942_0717
NC_007604,,-,Synpcc7942_0718
NC_007604,,-,Synpcc7942_0719
NC_007604,,-,Synpcc7942_0720
NC_007604,,-,Synpcc7942_0721
NC_007604,,-,Synpcc7942_0722
NC_007604,717964,-,Synpcc7942_0723
NC_007604,,+,Synpcc7942_0724
NC_007604,,+,Synpcc7942_0725
NC_007604,,+,Synpcc7942_0726
NC_007604,,+,Synpcc7942_0727
NC_007604,723215,+,Synpcc7942_0728
NC_007604,723806,+,Synpcc7942_0729
NC_007604,,+,Synpcc7942_0730
NC_007604,,+,Synpcc7942_0731
NC_007604,727482,+,Synpcc7942_0732
NC_007604,,+,Synpcc7942_0733
NC_007604,729177,+,Synpcc7942_0734
NC_007604,,+,Synpcc7942_0735
NC_007604,731434,+,Synpcc7942_0736
NC_007604,,+,Synpcc7942_0737
NC_007604,,+,Synpcc7942_0738
NC_007604,,+,ORF01999
NC_007604,,+,Synpcc7942_0739
NC_007604,,+,Synpcc7942_0740
NC_007604,,+,Synpcc7942_0741
NC_007604,,+,Synpcc7942_0742
NC_007604,,+,Synpcc7942_0743
NC_007604,738156,+,Synpcc7942_0744
NC_007604,739615,+,Synpcc7942_0745
NC_007604,,+,Synpcc7942_0746
NC_007604,741396,+,Synpcc7942_0747
NC_007604,,+,Synpcc7942_0748
NC_007604,743324,+,Synpcc7942_0749
NC_007604,,+,Synpcc7942_0750
NC_007604,,+,Synpcc7942_0751
NC_007604,,+,Synpcc7942_0752
NC_007604,,+,Synpcc7942_0753
NC_007604,,-,Synpcc7942_0754
NC_007604,,+,Synpcc7942_0755
NC_007604,,+,Synpcc7942_0756
NC_007604,751253,+,Synpcc7942_0757
NC_007604,751959,+,Synpcc7942_0758
NC_007604,752571,+,Synpcc7942_0759
NC_007604,753954,+,Synpcc7942_0760
NC_007604,755661,-,Synpcc7942_0761
NC_007604,756685,-,Synpcc7942_0762
NC_007604,757318,-,Synpcc7942_0763
NC_007604,757595,-,Synpcc7942_0764
NC_007604,757905,-,ORF02027
NC_007604,,+,Synpcc7942_0765
NC_007604,,+,Synpcc7942_0766
NC_007604,,+,Synpcc7942_0767
NC_007604,760252,+,Synpcc7942_0768
NC_007604,761226,+,Synpcc7942_0769
NC_007604,762159,+,Synpcc7942_0770
NC_007604,764854,-,Synpcc7942_0771
NC_007604,,-,Synpcc7942_0772
NC_007604,766197,-,Synpcc7942_0773
NC_007604,766216,+,Synpcc7942_0774
NC_007604,,-,Synpcc7942_0775
NC_007604,768630,-,Synpcc7942_0776
NC_007604,769538,-,Synpcc7942_0777
NC_007604,769574,+,Synpcc7942_0778
NC_007604,770131,+,Synpcc7942_0779
NC_007604,773958,-,Synpcc7942_0780
NC_007604,776520,-,Synpcc7942_0781
NC_007604,778556,-,Synpcc7942_0782
NC_007604,779245,-,Synpcc7942_0783
NC_007604,779531,+,Synpcc7942_0784
NC_007604,,+,Synpcc7942_0785
NC_007604,,+,Synpcc7942_0786
NC_007604,783007,+,Synpcc7942_0787
NC_007604,784748,-,Synpcc7942_0788
NC_007604,785167,-,Synpcc7942_0789
NC_007604,785894,-,Synpcc7942_0790
NC_007604,,-,Synpcc7942_0791
NC_007604,788490,-,Synpcc7942_0792
NC_007604,789261,-,Synpcc7942_0793
NC_007604,790284,-,Synpcc7942_0794
NC_007604,,-,Synpcc7942_0795
NC_007604,791162,+,Synpcc7942_0796
NC_007604,792010,+,Synpcc7942_0797
NC_007604,792804,-,Synpcc7942_0798
NC_007604,794390,-,Synpcc7942_0799
NC_007604,795048,-,Synpcc7942_0800
NC_007604,795123,+,Synpcc7942_0801
NC_007604,,+,Synpcc7942_0802
NC_007604,797320,-,Synpcc7942_0803
NC_007604,797214,+,Synpcc7942_0804
NC_007604,,+,Synpcc7942_0805
NC_007604,,+,Synpcc7942_0806
NC_007604,799840,+,Synpcc7942_0807
NC_007604,802980,-,Synpcc7942_0808
NC_007604,803073,+,Synpcc7942_0809
NC_007604,,+,Synpcc7942_0810
NC_007604,805186,+,Synpcc7942_0811
NC_007604,806886,+,Synpcc7942_0812
NC_007604,807829,+,Synpcc7942_0813
NC_007604,809109,+,Synpcc7942_0814
NC_007604,809365,+,Synpcc7942_0815
NC_007604,812226,-,Synpcc7942_0816
NC_007604,812724,-,Synpcc7942_0817
NC_007604,812955,+,Synpcc7942_0818
NC_007604,,+,Synpcc7942_0819
NC_007604,813956,+,Synpcc7942_0820
NC_007604,,+,Synpcc7942_0821
NC_007604,,+,Synpcc7942_0822
NC_007604,817168,+,Synpcc7942_0823
NC_007604,,+,Synpcc7942_0824
NC_007604,,-,Synpcc7942_0825
NC_007604,820693,+,Synpcc7942_0826
NC_007604,822803,-,Synpcc7942_0827
NC_007604,823241,-,Synpcc7942_0828
NC_007604,,+,Synpcc7942_0829
NC_007604,823839,+,Synpcc7942_0830
NC_007604,826005,-,Synpcc7942_0831
NC_007604,827112,+,Synpcc7942_0833
NC_007604,828541,+,Synpcc7942_0834
NC_007604,829644,+,Synpcc7942_0835
NC_007604,,-,Synpcc7942_0836
NC_007604,,-,Synpcc7942_0837
NC_007604,,-,Synpcc7942_0838
NC_007604,,-,Synpcc7942_0839
NC_007604,,-,Synpcc7942_0840
NC_007604,835671,+,Synpcc7942_0841
NC_007604,838478,-,Synpcc7942_0842
NC_007604,838935,-,Synpcc7942_0843
NC_007604,839812,-,Synpcc7942_0844
NC_007604,,+,Synpcc7942_0845
NC_007604,841081,-,Synpcc7942_0846
NC_007604,842293,-,Synpcc7942_0847
NC_007604,845347,-,Synpcc7942_0848
NC_007604,846433,-,Synpcc7942_0849
NC_007604,846689,-,Synpcc7942_0850
NC_007604,847233,+,Synpcc7942_0851
NC_007604,848870,+,Synpcc7942_0853
NC_007604,,+,Synpcc7942_0854
NC_007604,853593,+,Synpcc7942_0855
NC_007604,854924,+,Synpcc7942_0856
NC_007604,855315,+,Synpcc7942_0857
NC_007604,855893,+,Synpcc7942_0858
NC_007604,860118,+,Synpcc7942_0859
NC_007604,862987,+,Synpcc7942_0860
NC_007604,865572,-,Synpcc7942_0861
NC_007604,865596,+,Synpcc7942_0862
NC_007604,866027,+,Synpcc7942_0863
NC_007604,867395,+,Synpcc7942_0864
NC_007604,,+,Synpcc7942_0865
NC_007604,868540,+,Synpcc7942_0866
NC_007604,869169,+,Synpcc7942_0867
NC_007604,,+,Synpcc7942_0868
NC_007604,871262,+,Synpcc7942_0869
NC_007604,,-,Synpcc7942_0870
NC_007604,872330,-,Synpcc7942_0871
NC_007604,,+,Synpcc7942_0872
NC_007604,874196,-,Synpcc7942_0873
NC_007604,,-,Synpcc7942_0874
NC_007604,877887,-,Synpcc7942_0875
NC_007604,877976,+,Synpcc7942_0876
NC_007604,880867,+,Synpcc7942_0877
NC_007604,883561,+,Synpcc7942_0878
NC_007604,,+,Synpcc7942_0879
NC_007604,887472,-,Synpcc7942_0880
NC_007604,,+,Synpcc7942_0881
NC_007604,889159,-,Synpcc7942_0882
NC_007604,889684,-,Synpcc7942_0883
NC_007604,890952,-,Synpcc7942_0884
NC_007604,893037,-,Synpcc7942_0885
NC_007604,893590,-,Synpcc7942_0886
NC_007604,894247,-,Synpcc7942_0887
NC_007604,,-,Synpcc7942_0888
NC_007604,,-,Synpcc7942_0889
NC_007604,896607,+,Synpcc7942_0890
NC_007604,901736,+,Synpcc7942_0891
NC_007604,,-,Synpcc7942_0892
NC_007604,903201,+,Synpcc7942_0893
NC_007604,,-,Synpcc7942_0894
NC_007604,,-,Synpcc7942_0895
NC_007604,906832,+,Synpcc7942_0896
NC_007604,907653,+,Synpcc7942_0897
NC_007604,,+,Synpcc7942_0898
NC_007604,908331,+,Synpcc7942_R0041
NC_007604,,-,Synpcc7942_0899
NC_007604,909643,-,Synpcc7942_0900
NC_007604,,+,Synpcc7942_0901
NC_007604,911694,-,Synpcc7942_0902
NC_007604,914341,-,Synpcc7942_0903
NC_007604,914595,+,Synpcc7942_0904
NC_007604,915520,+,Synpcc7942_0905
NC_007604,916187,+,Synpcc7942_0906
NC_007604,916748,+,Synpcc7942_0907
NC_007604,917280,+,Synpcc7942_0908
NC_007604,918119,+,Synpcc7942_0909
NC_007604,918533,+,Synpcc7942_0910
NC_007604,918998,+,Synpcc7942_0911
NC_007604,,+,Synpcc7942_0912
NC_007604,,-,Synpcc7942_0913
NC_007604,,-,Synpcc7942_0914
NC_007604,922837,-,Synpcc7942_0915
NC_007604,922985,-,Synpcc7942_0916
NC_007604,923151,+,Synpcc7942_R0042
NC_007604,923243,+,Synpcc7942_R0043
NC_007604,923793,-,Synpcc7942_0917
NC_007604,924079,+,Synpcc7942_0918
NC_007604,926061,+,Synpcc7942_0919
NC_007604,927091,-,Synpcc7942_0920
NC_007604,,-,Synpcc7942_0921
NC_007604,,-,Synpcc7942_0922
NC_007604,929168,-,Synpcc7942_0923
NC_007604,931214,-,Synpcc7942_0924
NC_007604,932579,-,Synpcc7942_0925
NC_007604,,+,Synpcc7942_0926
NC_007604,933994,+,Synpcc7942_0927
NC_007604,934850,+,Synpcc7942_0928
NC_007604,937039,+,Synpcc7942_0929
NC_007604,937894,+,Synpcc7942_0930
NC_007604,938386,+,Synpcc7942_0931
NC_007604,,+,Synpcc7942_0932
NC_007604,,-,Synpcc7942_0933
NC_007604,,+,Synpcc7942_0934
NC_007604,,-,Synpcc7942_0935
NC_007604,,-,Synpcc7942_0936
NC_007604,944127,-,Synpcc7942_0937
NC_007604,,+,Synpcc7942_0938
NC_007604,944618,+,Synpcc7942_0939
NC_007604,945639,-,Synpcc7942_0940
NC_007604,947773,-,Synpcc7942_0941
NC_007604,949920,-,Synpcc7942_0942
NC_007604,950237,+,Synpcc7942_0943
NC_007604,,+,Synpcc7942_0944
NC_007604,,-,Synpcc7942_0945
NC_007604,,+,Synpcc7942_0946
NC_007604,,-,Synpcc7942_0947
NC_007604,,-,Synpcc7942_0948
NC_007604,,-,Synpcc7942_0949
NC_007604,959737,-,Synpcc7942_0950
NC_007604,959837,+,Synpcc7942_0951
NC_007604,961620,-,Synpcc7942_0952
NC_007604,,-,Synpcc7942_0953
NC_007604,,-,Synpcc7942_0954
NC_007604,963790,-,Synpcc7942_0955
NC_007604,963926,+,Synpcc7942_0956
NC_007604,965072,+,Synpcc7942_0957
NC_007604,966355,-,Synpcc7942_0958
NC_007604,967561,-,Synpcc7942_0959
NC_007604,967595,+,Synpcc7942_0960
NC_007604,968937,+,Synpcc7942_0961
NC_007604,,-,Synpcc7942_0962
NC_007604,971669,-,Synpcc7942_0963
NC_007604,971856,+,Synpcc7942_0964
NC_007604,972388,+,Synpcc7942_0965
NC_007604,973946,-,Synpcc7942_0966
NC_007604,974099,+,Synpcc7942_0967
NC_007604,975117,+,Synpcc7942_0968
NC_007604,976195,-,Synpcc7942_0969
NC_007604,,+,Synpcc7942_0970
NC_007604,979261,-,Synpcc7942_0971
NC_007604,979369,+,Synpcc7942_0972
NC_007604,,-,Synpcc7942_0973
NC_007604,981137,-,Synpcc7942_0974
NC_007604,,-,Synpcc7942_0975
NC_007604,,+,Synpcc7942_0976
NC_007604,986140,-,Synpcc7942_0977
NC_007604,986328,+,Synpcc7942_0978
NC_007604,988577,-,Synpcc7942_0979
NC_007604,,-,Synpcc7942_0980
NC_007604,989730,-,Synpcc7942_R0017
NC_007604,991494,-,Synpcc7942_0981
NC_007604,991553,+,Synpcc7942_0982
NC_007604,992187,+,Synpcc7942_0983
NC_007604,,+,Synpcc7942_0984
NC_007604,,+,Synpcc7942_0985
NC_007604,995074,+,Synpcc7942_0986
NC_007604,996723,-,Synpcc7942_0987
NC_007604,997275,-,Synpcc7942_0988
NC_007604,997825,-,Synpcc7942_0989
NC_007604,,-,Synpcc7942_0990
NC_007604,999729,-,Synpcc7942_0991
NC_007604,999802,+,Synpcc7942_0992
NC_007604,1003145,-,Synpcc7942_0993
NC_007604,1003746,-,Synpcc7942_0994
NC_007604,1003809,+,Synpcc7942_0995
NC_007604,1004254,+,Synpcc7942_0996
NC_007604,1005432,-,Synpcc7942_0997
NC_007604,1005621,+,Synpcc7942_0998
NC_007604,1007880,-,Synpcc7942_0999
NC_007604,,-,Synpcc7942_1000
NC_007604,1013736,-,Synpcc7942_1001
NC_007604,1013887,+,Synpcc7942_1002
NC_007604,1014408,+,Synpcc7942_1003
NC_007604,,-,Synpcc7942_1004
NC_007604,,+,Synpcc7942_1005
NC_007604,1017044,+,Synpcc7942_1006
NC_007604,,-,Synpcc7942_1007
NC_007604,,-,Synpcc7942_1008
NC_007604,1021950,-,Synpcc7942_1009
NC_007604,1022700,-,Synpcc7942_1010
NC_007604,1023956,-,Synpcc7942_1011
NC_007604,1024742,-,Synpcc7942_1012
NC_007604,1025625,-,Synpcc7942_1013
NC_007604,1028417,-,Synpcc7942_1014
NC_007604,1030952,-,Synpcc7942_1015
NC_007604,1031435,-,Synpcc7942_1016
NC_007604,1032458,-,Synpcc7942_1017
NC_007604,1032577,+,Synpcc7942_1018
NC_007604,1033300,+,Synpcc7942_1019
NC_007604,,+,Synpcc7942_1020
NC_007604,,+,Synpcc7942_1021
NC_007604,1037837,-,Synpcc7942_1022
NC_007604,1038086,-,Synpcc7942_1023
NC_007604,,-,Synpcc7942_1024
NC_007604,1039168,+,Synpcc7942_1025
NC_007604,1041725,-,Synpcc7942_1026
NC_007604,,+,Synpcc7942_1027
NC_007604,1043340,-,Synpcc7942_1028
NC_007604,1043928,+,Synpcc7942_1029
NC_007604,1044883,+,Synpcc7942_1030
NC_007604,1046356,-,Synpcc7942_1031
NC_007604,1046506,+,Synpcc7942_1032
NC_007604,1047991,+,Synpcc7942_1033
NC_007604,1048952,+,Synpcc7942_1034
NC_007604,1050560,-,Synpcc7942_1035
NC_007604,1050754,+,Synpcc7942_1036
NC_007604,1051258,+,Synpcc7942_1037
NC_007604,1053264,+,Synpcc7942_1038
NC_007604,1054353,-,Synpcc7942_1039
NC_007604,1054722,+,Synpcc7942_1040
NC_007604,,-,Synpcc7942_1041
NC_007604,,+,Synpcc7942_1042
NC_007604,,-,Synpcc7942_1043
NC_007604,1057462,-,Synpcc7942_1044
NC_007604,,-,Synpcc7942_1045
NC_007604,1059261,+,Synpcc7942_1046
NC_007604,1060084,+,Synpcc7942_1047
NC_007604,1060840,+,Synpcc7942_1048
NC_007604,1061414,+,Synpcc7942_1049
NC_007604,1062310,+,Synpcc7942_1050
NC_007604,1063318,+,Synpcc7942_1051
NC_007604,1063865,+,Synpcc7942_1052
NC_007604,1064595,+,Synpcc7942_1053
NC_007604,1065138,+,Synpcc7942_1054
NC_007604,1066056,+,Synpcc7942_1055
NC_007604,1066680,+,Synpcc7942_1056
NC_007604,1067527,+,Synpcc7942_1057
NC_007604,1068559,+,Synpcc7942_1058
NC_007604,1068897,+,Synpcc7942_1059
NC_007604,,+,Synpcc7942_1060
NC_007604,1072278,+,Synpcc7942_1061
NC_007604,1073214,+,Synpcc7942_1062
NC_007604,1073494,+,Synpcc7942_1063
NC_007604,1073999,+,Synpcc7942_1064
NC_007604,,+,Synpcc7942_1065
NC_007604,,+,Synpcc7942_1066
NC_007604,,+,Synpcc7942_1067
NC_007604,1079478,+,Synpcc7942_1068
NC_007604,1081727,-,Synpcc7942_1069
NC_007604,,-,Synpcc7942_1070
NC_007604,1083713,-,Synpcc7942_1071
NC_007604,1084322,-,Synpcc7942_1072
NC_007604,1084451,+,Synpcc7942_1073
NC_007604,,-,Synpcc7942_1074
NC_007604,,-,Synpcc7942_1075
NC_007604,,-,Synpcc7942_1076
NC_007604,1087305,+,Synpcc7942_1077
NC_007604,1087780,+,Synpcc7942_1078
NC_007604,1088698,+,Synpcc7942_1079
NC_007604,1091781,+,Synpcc7942_1080
NC_007604,1093125,+,Synpcc7942_1081
NC_007604,,+,Synpcc7942_1082
NC_007604,1097799,+,Synpcc7942_1083
NC_007604,,-,Synpcc7942_1084
NC_007604,1099720,+,Synpcc7942_1085
NC_007604,1102104,+,Synpcc7942_1086
NC_007604,1103190,+,Synpcc7942_1087
NC_007604,1104193,+,Synpcc7942_1088
NC_007604,1104597,+,Synpcc7942_1089
NC_007604,1108274,-,Synpcc7942_1090
NC_007604,,+,Synpcc7942_1091
NC_007604,,-,Synpcc7942_1092
NC_007604,1111780,-,Synpcc7942_1093
NC_007604,,-,Synpcc7942_1094
NC_007604,1112853,+,Synpcc7942_1095
NC_007604,1114888,-,Synpcc7942_1096
NC_007604,,+,Synpcc7942_1097
NC_007604,,-,Synpcc7942_1098
NC_007604,1116962,-,Synpcc7942_1099
NC_007604,,-,Synpcc7942_1100
NC_007604,1118661,+,Synpcc7942_1101
NC_007604,1119830,+,Synpcc7942_1102
NC_007604,,-,Synpcc7942_1103
NC_007604,,-,Synpcc7942_1104
NC_007604,1123534,-,Synpcc7942_1105
NC_007604,1124154,-,Synpcc7942_1106
NC_007604,1125110,-,Synpcc7942_1107
NC_007604,1125345,+,Synpcc7942_1108
NC_007604,,+,Synpcc7942_1109
NC_007604,1126901,+,Synpcc7942_1110
NC_007604,,-,Synpcc7942_1111
NC_007604,,-,Synpcc7942_1112
NC_007604,1131473,-,Synpcc7942_1113
NC_007604,,-,Synpcc7942_1114
NC_007604,1132720,-,Synpcc7942_1115
NC_007604,1132855,+,Synpcc7942_1116
NC_007604,1134381,+,Synpcc7942_1117
NC_007604,,-,Synpcc7942_1118
NC_007604,,-,Synpcc7942_1119
NC_007604,1138015,-,Synpcc7942_1120
NC_007604,1140623,-,Synpcc7942_1121
NC_007604,1140801,+,Synpcc7942_1122
NC_007604,1140996,+,Synpcc7942_1123
NC_007604,1141275,+,Synpcc7942_1124
NC_007604,1143396,+,Synpcc7942_1125
NC_007604,1145223,-,Synpcc7942_1126
NC_007604,1145373,+,Synpcc7942_1127
NC_007604,1147254,+,Synpcc7942_1128
NC_007604,1148540,+,Synpcc7942_1129
NC_007604,1149445,+,Synpcc7942_1130
NC_007604,1151398,+,Synpcc7942_1131
NC_007604,1153373,-,Synpcc7942_1132
NC_007604,1155628,-,Synpcc7942_1133
NC_007604,1155962,-,Synpcc7942_1134
NC_007604,1156394,-,EbfG3
NC_007604,1156694,-,EbfG2
NC_007604,1157053,-,EbfG1
NC_007604,,-,Synpcc7942_1135
NC_007604,1158027,+,Synpcc7942_1136
NC_007604,1161508,-,Synpcc7942_1137
NC_007604,,+,Synpcc7942_1138
NC_007604,1164236,-,Synpcc7942_1139
NC_007604,,-,Synpcc7942_1140
NC_007604,1166812,-,Synpcc7942_1141
NC_007604,1166949,+,Synpcc7942_1142
NC_007604,1168598,+,Synpcc7942_1143
NC_007604,1169424,+,Synpcc7942_1144
NC_007604,1170775,-,Synpcc7942_R0044
NC_007604,1171214,-,Synpcc7942_1145
NC_007604,1171481,-,Synpcc7942_1146
NC_007604,,-,Synpcc7942_1147
NC_007604,1172681,+,Synpcc7942_1148
NC_007604,1174890,-,Synpcc7942_1149
NC_007604,1174969,+,Synpcc7942_R0045
NC_007604,1175734,-,Synpcc7942_1150
NC_007604,,-,Synpcc7942_1151
NC_007604,1178836,-,Synpcc7942_1152
NC_007604,,-,Synpcc7942_1153
NC_007604,1182443,-,Synpcc7942_1154
NC_007604,,+,Synpcc7942_1155
NC_007604,,+,Synpcc7942_1156
NC_007604,,+,Synpcc7942_1157
NC_007604,1192484,-,Synpcc7942_1158
NC_007604,,-,Synpcc7942_1159
NC_007604,,+,Synpcc7942_1160
NC_007604,,+,Synpcc7942_1161
NC_007604,,+,Synpcc7942_1162
NC_007604,,+,Synpcc7942_1163
NC_007604,1196864,+,Synpcc7942_1164
NC_007604,,-,Synpcc7942_1165
NC_007604,,+,Synpcc7942_1166
NC_007604,,-,Synpcc7942_1167
NC_007604,,-,Synpcc7942_1168
NC_007604,,-,Synpcc7942_1169
NC_007604,1204319,-,Synpcc7942_1170
NC_007604,,-,Synpcc7942_1171
NC_007604,,-,Synpcc7942_1172
NC_007604,,+,Synpcc7942_1173
NC_007604,1209343,-,Synpcc7942_1174
NC_007604,1209546,-,Synpcc7942_1175
NC_007604,1209714,-,Synpcc7942_1176
NC_007604,1209966,-,Synpcc7942_1177
NC_007604,1211080,-,Synpcc7942_1178
NC_007604,1211529,-,Synpcc7942_1179
NC_007604,1211703,+,Synpcc7942_1180
NC_007604,,+,Synpcc7942_1181
NC_007604,,+,Synpcc7942_1182
NC_007604,1213480,+,Synpcc7942_1183
NC_007604,1214215,+,Synpcc7942_1184
NC_007604,1215370,+,Synpcc7942_1185
NC_007604,,+,Synpcc7942_1186
NC_007604,1216357,+,Synpcc7942_1187
NC_007604,1217650,+,Synpcc7942_1188
NC_007604,1218630,-,Synpcc7942_1189
NC_007604,1220180,-,Synpcc7942_1190
NC_007604,1220349,+,Synpcc7942_1191
NC_007604,1221583,-,Synpcc7942_1192
NC_007604,1222398,-,Synpcc7942_1193
NC_007604,1222688,+,Synpcc7942_1194
NC_007604,1223721,+,Synpcc7942_1195
NC_007604,1224295,+,Synpcc7942_1196
NC_007604,1225776,-,Synpcc7942_1197
NC_007604,1227244,-,Synpcc7942_1198
NC_007604,1228007,-,Synpcc7942_1199
NC_007604,1229061,-,Synpcc7942_1200
NC_007604,1230508,-,Synpcc7942_1201
NC_007604,1232980,-,Synpcc7942_1202
NC_007604,,-,Synpcc7942_1203
NC_007604,,-,Synpcc7942_1204
NC_007604,,+,Synpcc7942_1205
NC_007604,,+,Synpcc7942_1206
NC_007604,,-,Synpcc7942_1207
NC_007604,1234918,-,Synpcc7942_1208
NC_007604,1235232,-,Synpcc7942_1209
NC_007604,,-,Synpcc7942_1210
NC_007604,1235825,-,Synpcc7942_1211
NC_007604,1236090,-,Synpcc7942_1212
NC_007604,,+,Synpcc7942_1213
NC_007604,1237017,+,Synpcc7942_1214
NC_007604,,+,Synpcc7942_1215
NC_007604,1240109,-,Synpcc7942_1216
NC_007604,1240497,-,Synpcc7942_1217
NC_007604,,-,Synpcc7942_1218
NC_007604,1241617,+,Synpcc7942_1219
NC_007604,1242033,+,Synpcc7942_1220
NC_007604,1242832,-,Synpcc7942_1221
NC_007604,,+,Synpcc7942_1222
NC_007604,,-,Synpcc7942_1223
NC_007604,1246123,-,Synpcc7942_1224
NC_007604,1246927,-,Synpcc7942_1225
NC_007604,1247103,+,Synpcc7942_1226
NC_007604,1248551,-,Synpcc7942_R0046
NC_007604,1249327,-,Synpcc7942_1227
NC_007604,,+,Synpcc7942_1228
NC_007604,,-,Synpcc7942_1229
NC_007604,,-,Synpcc7942_1230
NC_007604,1252949,-,Synpcc7942_1231
NC_007604,1253489,-,Synpcc7942_1232
NC_007604,,-,Synpcc7942_1233
NC_007604,1254739,+,Synpcc7942_1234
NC_007604,,-,Synpcc7942_1235
NC_007604,1258968,-,Synpcc7942_1236
NC_007604,1260957,-,Synpcc7942_1237
NC_007604,1261815,-,Synpcc7942_1238
NC_007604,1263199,-,Synpcc7942_1239
NC_007604,1264801,-,Synpcc7942_1240
NC_007604,1265088,+,Synpcc7942_1241
NC_007604,,+,Synpcc7942_1242
NC_007604,,-,Synpcc7942_1243
NC_007604,1268365,+,Synpcc7942_1244
NC_007604,1269708,+,Synpcc7942_1245
NC_007604,1270803,+,Synpcc7942_1246
NC_007604,1272318,+,Synpcc7942_1247
NC_007604,,+,Synpcc7942_1248
NC_007604,1273755,-,Synpcc7942_1249
NC_007604,1274385,-,Synpcc7942_1250
NC_007604,1274438,+,Synpcc7942_1251
NC_007604,1275556,+,Synpcc7942_1252
NC_007604,1277221,-,Synpcc7942_1253
NC_007604,1277459,+,Synpcc7942_1254
NC_007604,,-,Synpcc7942_1255
NC_007604,1279079,+,Synpcc7942_1256
NC_007604,1279685,+,Synpcc7942_1257
NC_007604,,+,Synpcc7942_1258
NC_007604,1281993,+,Synpcc7942_1259
NC_007604,1283206,+,Synpcc7942_1260
NC_007604,1285027,-,Synpcc7942_1261
NC_007604,,-,Synpcc7942_1262
NC_007604,,-,Synpcc7942_1263
NC_007604,1287939,+,Synpcc7942_1264
NC_007604,1290258,-,Synpcc7942_1265
NC_007604,,-,Synpcc7942_1266
NC_007604,1291768,-,Synpcc7942_1267
NC_007604,1293231,-,Synpcc7942_1268
NC_007604,1293542,+,Synpcc7942_1269
NC_007604,1295129,+,Synpcc7942_1270
NC_007604,1296175,-,Synpcc7942_1271
NC_007604,,-,Synpcc7942_1272
NC_007604,,+,Synpcc7942_1273
NC_007604,1299186,-,Synpcc7942_1274
NC_007604,1300350,-,Synpcc7942_1275
NC_007604,,-,Synpcc7942_1276
NC_007604,1301568,-,Synpcc7942_1277
NC_007604,1301769,-,Synpcc7942_1278
NC_007604,,-,Synpcc7942_1279
NC_007604,1303138,-,Synpcc7942_1280
NC_007604,1303836,-,Synpcc7942_1281
NC_007604,,-,Synpcc7942_1282
NC_007604,1305957,-,Synpcc7942_1283
NC_007604,,-,Synpcc7942_1284
NC_007604,,-,Synpcc7942_1285
NC_007604,,+,Synpcc7942_1286
NC_007604,1309030,+,Synpcc7942_1287
NC_007604,,+,Synpcc7942_1288
NC_007604,1311841,+,Synpcc7942_1289
NC_007604,1313460,-,Synpcc7942_1290
NC_007604,1313561,+,Synpcc7942_1291
NC_007604,1316071,-,Synpcc7942_1292
NC_007604,1318598,-,Synpcc7942_1293
NC_007604,1318734,+,Synpcc7942_1294
NC_007604,1321758,-,Synpcc7942_1295
NC_007604,,+,Synpcc7942_1296
NC_007604,1322910,+,Synpcc7942_1297
NC_007604,1325107,+,Synpcc7942_1298
NC_007604,1327854,-,Synpcc7942_1299
NC_007604,,+,Synpcc7942_1300
NC_007604,1328678,+,Synpcc7942_1301
NC_007604,1330250,+,Synpcc7942_1302
NC_007604,1331150,-,Synpcc7942_1303
NC_007604,1331732,-,Synpcc7942_1304
NC_007604,,-,Synpcc7942_1305
NC_007604,1334082,-,Synpcc7942_1306
NC_007604,,+,Synpcc7942_1307
NC_007604,1335009,+,Synpcc7942_1308
NC_007604,,+,Synpcc7942_1309
NC_007604,1337076,+,Synpcc7942_1310
NC_007604,1338578,-,Synpcc7942_1311
NC_007604,,-,Synpcc7942_1312
NC_007604,1340634,+,Synpcc7942_1313
NC_007604,1344405,-,Synpcc7942_1314
NC_007604,1345983,-,Synpcc7942_1315
NC_007604,,-,Synpcc7942_1316
NC_007604,1347173,+,Synpcc7942_1317
NC_007604,,+,Synpcc7942_1318
NC_007604,1348834,+,Synpcc7942_1319
NC_007604,1350298,-,Synpcc7942_1320
NC_007604,,-,Synpcc7942_1321
NC_007604,1351577,+,Synpcc7942_1322
NC_007604,,+,Synpcc7942_1323
NC_007604,1355588,-,Synpcc7942_1324
NC_007604,1355787,+,Synpcc7942_1325
NC_007604,,+,Synpcc7942_1326
NC_007604,1360808,+,Synpcc7942_1327
NC_007604,1361167,+,Synpcc7942_1328
NC_007604,1361874,+,Synpcc7942_1329
NC_007604,1362508,+,Synpcc7942_1330
NC_007604,1363290,+,Synpcc7942_1331
NC_007604,1363467,+,Synpcc7942_1332
NC_007604,,+,Synpcc7942_1333
NC_007604,,+,Synpcc7942_1334
NC_007604,,+,Synpcc7942_1335
NC_007604,,+,Synpcc7942_1336
NC_007604,1368411,+,Synpcc7942_1337
NC_007604,1373645,-,Synpcc7942_1338
NC_007604,1374020,-,Synpcc7942_1339
NC_007604,1374639,-,Synpcc7942_1340
NC_007604,1374756,+,Synpcc7942_1341
NC_007604,,+,Synpcc7942_1342
NC_007604,1377217,+,Synpcc7942_1343
NC_007604,1378378,+,Synpcc7942_1344
NC_007604,1378990,+,Synpcc7942_1345
NC_007604,1379614,+,Synpcc7942_1346
NC_007604,,-,Synpcc7942_1347
NC_007604,1381331,-,Synpcc7942_1348
NC_007604,,-,Synpcc7942_1349
NC_007604,,-,Synpcc7942_1350
NC_007604,1383096,-,Synpcc7942_1351
NC_007604,1383192,+,Synpcc7942_1352
NC_007604,1385412,+,Synpcc7942_1353
NC_007604,,+,Synpcc7942_1354
NC_007604,,-,Synpcc7942_1355
NC_007604,,-,Synpcc7942_1356
NC_007604,1396770,-,Synpcc7942_1357
NC_007604,1398137,-,Synpcc7942_1358
NC_007604,1399499,-,Synpcc7942_1359
NC_007604,,+,Synpcc7942_1360
NC_007604,1401085,+,Synpcc7942_1361
NC_007604,1401589,+,Synpcc7942_1362
NC_007604,1402353,+,Synpcc7942_1363
NC_007604,1402641,+,Synpcc7942_1364
NC_007604,1404060,-,Synpcc7942_1365
NC_007604,1405203,-,Synpcc7942_1366
NC_007604,,+,Synpcc7942_1367
NC_007604,1406657,+,Synpcc7942_1368
NC_007604,,+,Synpcc7942_1369
NC_007604,1407963,+,Synpcc7942_1370
NC_007604,1409368,-,Synpcc7942_1371
NC_007604,1409560,+,Synpcc7942_1372
NC_007604,1414078,-,Synpcc7942_1373
NC_007604,1415932,-,Synpcc7942_1374
NC_007604,1416596,-,Synpcc7942_1375
NC_007604,1417302,-,Synpcc7942_1376
NC_007604,1417513,+,Synpcc7942_1377
NC_007604,,-,Synpcc7942_1378
NC_007604,1421319,-,Synpcc7942_R0048
NC_007604,1421475,+,Synpcc7942_1379
NC_007604,1422879,+,Synpcc7942_1380
NC_007604,1424685,+,Synpcc7942_1381
NC_007604,1426942,+,Synpcc7942_1382
NC_007604,1430310,-,Synpcc7942_1383
NC_007604,1430438,+,Synpcc7942_1384
NC_007604,1431512,-,Synpcc7942_1385
NC_007604,1432760,-,Synpcc7942_1386
NC_007604,1432853,+,Synpcc7942_1387
NC_007604,,+,Synpcc7942_1388
NC_007604,1435620,-,Synpcc7942_1389
NC_007604,1436066,-,Synpcc7942_1390
NC_007604,1436154,+,Synpcc7942_1391
NC_007604,1442061,-,Synpcc7942_1392
NC_007604,1442504,+,Synpcc7942_1393
NC_007604,1443546,+,Synpcc7942_1394
NC_007604,,+,Synpcc7942_1395
NC_007604,1446000,-,Synpcc7942_1396
NC_007604,1446191,+,Synpcc7942_1397
NC_007604,1450069,-,Synpcc7942_1398
NC_007604,,-,Synpcc7942_1399
NC_007604,1452376,-,Synpcc7942_1400
NC_007604,1453106,-,Synpcc7942_1401
NC_007604,1453317,+,Synpcc7942_1402
NC_007604,1455369,-,Synpcc7942_1403
NC_007604,,-,Synpcc7942_1404
NC_007604,1456260,+,Synpcc7942_1405
NC_007604,1457909,-,Synpcc7942_1406
NC_007604,1458051,+,Synpcc7942_1407
NC_007604,,+,Synpcc7942_1408
NC_007604,1460847,+,Synpcc7942_1409
NC_007604,1463571,-,Synpcc7942_1410
NC_007604,1464358,-,Synpcc7942_1411
NC_007604,1464821,-,Synpcc7942_1412
NC_007604,,+,Synpcc7942_1413
NC_007604,1466434,-,Synpcc7942_1414
NC_007604,1468099,-,Synpcc7942_1415
NC_007604,1468301,+,Synpcc7942_1416
NC_007604,1471000,+,Synpcc7942_1417
NC_007604,1472186,-,Synpcc7942_1418
NC_007604,1472569,+,Synpcc7942_1419
NC_007604,1473509,+,Synpcc7942_1420
NC_007604,1475065,+,Synpcc7942_1421
NC_007604,1475552,+,Synpcc7942_1422
NC_007604,1476059,+,Synpcc7942_1423
NC_007604,1477713,+,Synpcc7942_1424
NC_007604,1478240,+,Synpcc7942_1425
NC_007604,1479352,+,Synpcc7942_1426
NC_007604,1480965,+,Synpcc7942_1427
NC_007604,,+,Synpcc7942_1428
NC_007604,1483267,-,Synpcc7942_1429
NC_007604,1484378,-,Synpcc7942_1430
NC_007604,1484549,+,Synpcc7942_1431
NC_007604,1486710,-,Synpcc7942_1432
NC_007604,1486983,+,Synpcc7942_1433
NC_007604,1488854,-,Synpcc7942_1434
NC_007604,,-,Synpcc7942_1435
NC_007604,1491205,-,Synpcc7942_1436
NC_007604,1491286,+,Synpcc7942_1437
NC_007604,1492290,-,Synpcc7942_1438
NC_007604,1494035,-,Synpcc7942_1439
NC_007604,1495093,-,Synpcc7942_1440
NC_007604,,-,Synpcc7942_1441
NC_007604,,+,Synpcc7942_1442
NC_007604,1496904,+,Synpcc7942_R0049
NC_007604,1497190,+,Synpcc7942_1443
NC_007604,1498331,+,Synpcc7942_1444
NC_007604,1499817,-,Synpcc7942_1445
NC_007604,1500342,-,Synpcc7942_1446
NC_007604,1500489,+,Synpcc7942_1447
NC_007604,1501343,+,Synpcc7942_1448
NC_007604,1503392,-,Synpcc7942_1449
NC_007604,,+,Synpcc7942_1450
NC_007604,1504300,+,Synpcc7942_1451
NC_007604,,-,Synpcc7942_1452
NC_007604,1506399,+,Synpcc7942_1453
NC_007604,1507284,+,Synpcc7942_1454
NC_007604,1508394,+,Synpcc7942_1455
NC_007604,,+,Synpcc7942_1456
NC_007604,,+,Synpcc7942_1457
NC_007604,1511528,-,Synpcc7942_1458
NC_007604,1512212,-,Synpcc7942_1459
NC_007604,1512578,-,Synpcc7942_1460
NC_007604,1513985,-,Synpcc7942_1461
NC_007604,1515141,-,Synpcc7942_1462
NC_007604,1515338,+,Synpcc7942_1463
NC_007604,1517226,+,Synpcc7942_1464
NC_007604,1518994,+,Synpcc7942_1465
NC_007604,1519664,+,Synpcc7942_1466
NC_007604,1520674,+,Synpcc7942_1467
NC_007604,,-,Synpcc7942_1468
NC_007604,,-,Synpcc7942_1469
NC_007604,,-,Synpcc7942_1470
NC_007604,,-,Synpcc7942_1471
NC_007604,,-,Synpcc7942_1472
NC_007604,,-,Synpcc7942_1473
NC_007604,,-,Synpcc7942_1474
NC_007604,,-,Synpcc7942_1475
NC_007604,1527717,+,Synpcc7942_1476
NC_007604,,-,Synpcc7942_1477
NC_007604,1530852,-,Synpcc7942_1478
NC_007604,1530927,+,Synpcc7942_1479
NC_007604,,-,Synpcc7942_1480
NC_007604,1532398,-,Synpcc7942_1481
NC_007604,,+,Synpcc7942_1482
NC_007604,,-,Synpcc7942_1483
NC_007604,1536406,-,Synpcc7942_1484
NC_007604,,-,Synpcc7942_1485
NC_007604,1536916,-,Synpcc7942_1486
NC_007604,1536986,+,Synpcc7942_1487
NC_007604,,+,Synpcc7942_1488
NC_007604,,+,Synpcc7942_1489
NC_007604,,+,Synpcc7942_1490
NC_007604,1542834,+,Synpcc7942_1491
NC_007604,1543923,+,Synpcc7942_1492
NC_007604,1544514,+,Synpcc7942_1493
NC_007604,,-,Synpcc7942_1494
NC_007604,,-,Synpcc7942_1495
NC_007604,,-,Synpcc7942_1496
NC_007604,1548105,-,Synpcc7942_1497
NC_007604,1548207,+,Synpcc7942_1498
NC_007604,1548955,-,Synpcc7942_1499
NC_007604,,-,Synpcc7942_1500
NC_007604,1551718,-,Synpcc7942_1501
NC_007604,1551702,+,Synpcc7942_1502
NC_007604,,+,Synpcc7942_1503
NC_007604,1553312,+,Synpcc7942_1504
NC_007604,1556007,-,Synpcc7942_1505
NC_007604,1556537,-,Synpcc7942_1506
NC_007604,1557246,+,Synpcc7942_R0053
NC_007604,1558331,-,Synpcc7942_1507
NC_007604,1559209,-,Synpcc7942_1508
NC_007604,1559329,+,Synpcc7942_1509
NC_007604,1561178,-,Synpcc7942_1510
NC_007604,1561943,-,Synpcc7942_1511
NC_007604,1563389,-,Synpcc7942_1512
NC_007604,1563532,+,Synpcc7942_1513
NC_007604,1564744,+,Synpcc7942_1514
NC_007604,1565350,+,Synpcc7942_1515
NC_007604,,-,Synpcc7942_1516
NC_007604,1568316,-,Synpcc7942_1517
NC_007604,,+,Synpcc7942_1518
NC_007604,1572458,-,Synpcc7942_1519
NC_007604,1572486,+,Synpcc7942_1520
NC_007604,1572849,+,Synpcc7942_1521
NC_007604,1573729,+,Synpcc7942_1522
NC_007604,1577150,+,Synpcc7942_1523
NC_007604,1579048,+,Synpcc7942_1524
NC_007604,1583358,+,Synpcc7942_1525
NC_007604,1585287,+,Synpcc7942_1526
NC_007604,1586243,+,Synpcc7942_1527
NC_007604,1589146,-,Synpcc7942_1528
NC_007604,,+,Synpcc7942_1529
NC_007604,,-,Synpcc7942_1530
NC_007604,1590798,+,Synpcc7942_1531
NC_007604,,+,Synpcc7942_1532
NC_007604,,+,Synpcc7942_1533
NC_007604,1593215,+,Synpcc7942_1534
NC_007604,1595446,+,Synpcc7942_1535
NC_007604,,+,Synpcc7942_1536
NC_007604,,+,Synpcc7942_1537
NC_007604,,+,Synpcc7942_1538
NC_007604,,-,Synpcc7942_1539
NC_007604,1598566,-,Synpcc7942_1540
NC_007604,1599334,-,Synpcc7942_1541
NC_007604,1600381,-,Synpcc7942_1542
NC_007604,1600637,+,Synpcc7942_1543
NC_007604,1600802,+,Synpcc7942_1544
NC_007604,1601056,+,Synpcc7942_1545
NC_007604,,+,Synpcc7942_1546
NC_007604,,-,Synpcc7942_1547
NC_007604,1605768,-,Synpcc7942_1548
NC_007604,1606129,+,Synpcc7942_1549
NC_007604,,+,Synpcc7942_1550
NC_007604,1608052,+,Synpcc7942_1551
NC_007604,1610361,-,Synpcc7942_1552
NC_007604,,+,Synpcc7942_1553
NC_007604,1611853,-,Synpcc7942_1554
NC_007604,1611906,+,Synpcc7942_1555
NC_007604,1612842,+,Synpcc7942_1556
NC_007604,1614501,-,Synpcc7942_1557
NC_007604,,+,Synpcc7942_1558
NC_007604,1616284,+,Synpcc7942_1559
NC_007604,,+,Synpcc7942_1560
NC_007604,1618726,-,Synpcc7942_1561
NC_007604,1619697,-,Synpcc7942_1562
NC_007604,,-,Synpcc7942_1563
NC_007604,,+,Synpcc7942_1564
NC_007604,1622869,-,Synpcc7942_R0001
NC_007604,1622970,+,Synpcc7942_1565
NC_007604,,+,Synpcc7942_1566
NC_007604,1626019,-,Synpcc7942_1567
NC_007604,1626622,-,Synpcc7942_1568
NC_007604,1627201,-,Synpcc7942_1569
NC_007604,1629449,-,Synpcc7942_1570
NC_007604,,+,Synpcc7942_1571
NC_007604,1631153,+,Synpcc7942_1572
NC_007604,1632994,+,Synpcc7942_1573
NC_007604,1633895,+,Synpcc7942_1574
NC_007604,,+,Synpcc7942_1575
NC_007604,,+,Synpcc7942_1576
NC_007604,1642033,-,Synpcc7942_1577
NC_007604,1643011,-,Synpcc7942_1578
NC_007604,,+,Synpcc7942_1579
NC_007604,1644436,-,Synpcc7942_1580
NC_007604,,+,Synpcc7942_1581
NC_007604,1648211,-,Synpcc7942_1582
NC_007604,1648210,+,Synpcc7942_1583
NC_007604,,-,Synpcc7942_1584
NC_007604,1651199,-,Synpcc7942_1585
NC_007604,1651359,+,Synpcc7942_1586
NC_007604,1653172,-,Synpcc7942_1587
NC_007604,1655834,-,Synpcc7942_1588
NC_007604,,-,Synpcc7942_1589
NC_007604,1658131,-,Synpcc7942_1590
NC_007604,1659022,-,Synpcc7942_1591
NC_007604,,+,Synpcc7942_1592
NC_007604,1659994,+,Synpcc7942_1593
NC_007604,1660728,+,Synpcc7942_1594
NC_007604,1661770,+,Synpcc7942_1595
NC_007604,1662790,+,Synpcc7942_1596
NC_007604,1663611,+,Synpcc7942_1597
NC_007604,1664306,+,Synpcc7942_1598
NC_007604,,+,Synpcc7942_1599
NC_007604,1666188,+,Synpcc7942_1600
NC_007604,,-,Synpcc7942_1601
NC_007604,,+,Synpcc7942_1602
NC_007604,1668136,+,Synpcc7942_1603
NC_007604,1669273,+,Synpcc7942_1604
NC_007604,,-,Synpcc7942_1605
NC_007604,1671451,+,Synpcc7942_1606
NC_007604,1673679,-,Synpcc7942_1607
NC_007604,1673935,+,Synpcc7942_1608
NC_007604,1675456,+,Synpcc7942_1609
NC_007604,,-,Synpcc7942_1610
NC_007604,,-,Synpcc7942_1611
NC_007604,1681905,-,Synpcc7942_1612
NC_007604,1682042,+,Synpcc7942_1613
NC_007604,1682665,+,Synpcc7942_1614
NC_007604,1682808,+,Synpcc7942_1615
NC_007604,,+,Synpcc7942_1616
NC_007604,1683621,+,Synpcc7942_1617
NC_007604,,+,Synpcc7942_1618
NC_007604,1685434,+,Synpcc7942_1619
NC_007604,,+,Synpcc7942_1620
NC_007604,1689152,-,Synpcc7942_1621
NC_007604,1689721,+,Synpcc7942_1622
NC_007604,,+,Synpcc7942_1623
NC_007604,1693644,-,Synpcc7942_1624
NC_007604,,-,Synpcc7942_1625
NC_007604,1695550,-,Synpcc7942_1626
NC_007604,1696924,-,Synpcc7942_1627
NC_007604,1697247,+,Synpcc7942_1628
NC_007604,,+,Synpcc7942_1629
NC_007604,1698933,+,Synpcc7942_1630
NC_007604,,+,Synpcc7942_1631
NC_007604,1700169,+,Synpcc7942_1632
NC_007604,1701369,+,Synpcc7942_1633
NC_007604,1702707,-,Synpcc7942_1634
NC_007604,1704469,-,Synpcc7942_1635
NC_007604,1705013,-,Synpcc7942_1636
NC_007604,1706507,-,Synpcc7942_1637
NC_007604,1706685,+,Synpcc7942_1638
NC_007604,,+,Synpcc7942_1639
NC_007604,1707881,+,Synpcc7942_1640
NC_007604,1708665,+,Synpcc7942_1641
NC_007604,1709180,+,Synpcc7942_1642
NC_007604,1710338,+,Synpcc7942_1643
NC_007604,1712014,+,Synpcc7942_1644
NC_007604,1712986,+,Synpcc7942_R0036
NC_007604,1713298,+,Synpcc7942_1645
NC_007604,1714315,+,Synpcc7942_1646
NC_007604,1715123,+,Synpcc7942_1647
NC_007604,1716638,-,Synpcc7942_1648
NC_007604,1716788,+,Synpcc7942_1649
NC_007604,1720946,-,Synpcc7942_1650
NC_007604,1721058,+,Synpcc7942_1651
NC_007604,,+,Synpcc7942_1652
NC_007604,1724736,-,Synpcc7942_1653
NC_007604,,-,Synpcc7942_1654
NC_007604,1725905,-,Synpcc7942_1655
NC_007604,1728189,-,Synpcc7942_1656
NC_007604,1728453,+,Synpcc7942_1657
NC_007604,1729246,-,Synpcc7942_1658
NC_007604,1729384,+,Synpcc7942_1659
NC_007604,1730131,+,Synpcc7942_1660
NC_007604,1731133,+,Synpcc7942_1661
NC_007604,1733247,-,Synpcc7942_1662
NC_007604,,-,Synpcc7942_1663
NC_007604,1733790,+,Synpcc7942_1664
NC_007604,1733989,+,Synpcc7942_1665
NC_007604,1735859,-,Synpcc7942_1666
NC_007604,1735965,+,Synpcc7942_1667
NC_007604,1737882,+,Synpcc7942_1668
NC_007604,,+,Synpcc7942_1669
NC_007604,,+,Synpcc7942_1670
NC_007604,,+,Synpcc7942_1671
NC_007604,1742508,+,Synpcc7942_1672
NC_007604,,-,Synpcc7942_1673
NC_007604,1744166,-,Synpcc7942_1674
NC_007604,1744766,-,Synpcc7942_1675
NC_007604,1745469,-,Synpcc7942_1676
NC_007604,1746597,-,Synpcc7942_1677
NC_007604,1747153,-,Synpcc7942_1678
NC_007604,1747252,+,Synpcc7942_1679
NC_007604,1748900,-,Synpcc7942_1680
NC_007604,1749076,+,Synpcc7942_1681
NC_007604,1750203,+,Synpcc7942_1682
NC_007604,,+,Synpcc7942_1683
NC_007604,1751336,+,Synpcc7942_1684
NC_007604,1752002,+,Synpcc7942_1685
NC_007604,,+,Synpcc7942_1686
NC_007604,,+,Synpcc7942_1687
NC_007604,,+,Synpcc7942_1688
NC_007604,1755915,+,Synpcc7942_1689
NC_007604,,+,Synpcc7942_1690
NC_007604,,+,Synpcc7942_1691
NC_007604,,-,Synpcc7942_1692
NC_007604,,-,Synpcc7942_1693
NC_007604,1759930,+,Synpcc7942_1694
NC_007604,1762639,+,Synpcc7942_1695
NC_007604,1764479,-,Synpcc7942_1696
NC_007604,,-,Synpcc7942_1697
NC_007604,1764920,+,Synpcc7942_1698
NC_007604,,-,Synpcc7942_1699
NC_007604,1767849,-,Synpcc7942_1700
NC_007604,1767953,+,Synpcc7942_1701
NC_007604,1768490,+,Synpcc7942_1702
NC_007604,1772017,-,Synpcc7942_1703
NC_007604,1772024,+,Synpcc7942_1704
NC_007604,1772940,+,Synpcc7942_1705
NC_007604,1773234,+,Synpcc7942_1706
NC_007604,,+,Synpcc7942_1707
NC_007604,1776199,+,Synpcc7942_1708
NC_007604,,-,Synpcc7942_1709
NC_007604,1780048,+,Synpcc7942_1710
NC_007604,,+,Synpcc7942_1711
NC_007604,1780853,+,Synpcc7942_1712
NC_007604,1781317,+,Synpcc7942_1713
NC_007604,,+,Synpcc7942_1714
NC_007604,,-,Synpcc7942_1715
NC_007604,1787655,-,Synpcc7942_1716
NC_007604,1789027,-,Synpcc7942_1717
NC_007604,1790305,-,Synpcc7942_1718
NC_007604,1791796,-,Synpcc7942_1719
NC_007604,1791952,+,Synpcc7942_1720
NC_007604,1793916,-,Synpcc7942_1721
NC_007604,1795228,-,Synpcc7942_1722
NC_007604,,+,Synpcc7942_1723
NC_007604,1797390,-,Synpcc7942_1724
NC_007604,1797616,+,Synpcc7942_1725
NC_007604,,-,Synpcc7942_1726
NC_007604,1800219,-,Synpcc7942_1727
NC_007604,1800372,+,Synpcc7942_1728
NC_007604,,+,Synpcc7942_1729
NC_007604,1802050,+,Synpcc7942_1730
NC_007604,,-,Synpcc7942_1731
NC_007604,,-,Synpcc7942_1732
NC_007604,1804288,-,Synpcc7942_1733
NC_007604,1804314,+,Synpcc7942_1734
NC_007604,1804805,+,Synpcc7942_1735
NC_007604,1806245,+,Synpcc7942_1736
NC_007604,,+,Synpcc7942_1737
NC_007604,1808413,+,Synpcc7942_1738
NC_007604,1809717,+,Synpcc7942_1739
NC_007604,1811088,-,Synpcc7942_1740
NC_007604,1812632,-,Synpcc7942_1741
NC_007604,1812814,+,Synpcc7942_1742
NC_007604,1814092,+,Synpcc7942_1743
NC_007604,,+,Synpcc7942_1744
NC_007604,1816393,-,Synpcc7942_1745
NC_007604,1817569,-,Synpcc7942_1746
NC_007604,1818962,-,Synpcc7942_1747
NC_007604,1819751,-,Synpcc7942_1748
NC_007604,,-,Synpcc7942_1749
NC_007604,1820574,-,Synpcc7942_1750
NC_007604,1820778,-,Synpcc7942_1751
NC_007604,1821770,-,Synpcc7942_1752
NC_007604,,-,Synpcc7942_1753
NC_007604,,-,Synpcc7942_1754
NC_007604,1824227,-,Synpcc7942_1755
NC_007604,,-,Synpcc7942_1756
NC_007604,1824648,+,Synpcc7942_1757
NC_007604,,-,Synpcc7942_1758
NC_007604,1826452,-,Synpcc7942_1759
NC_007604,1826528,+,Synpcc7942_1760
NC_007604,1827800,+,Synpcc7942_1761
NC_007604,1829531,+,Synpcc7942_1762
NC_007604,,+,Synpcc7942_1763
NC_007604,1831862,+,Synpcc7942_1764
NC_007604,1832958,-,Synpcc7942_1765
NC_007604,,-,Synpcc7942_1766
NC_007604,1835490,-,Synpcc7942_1767
NC_007604,1835596,+,Synpcc7942_1768
NC_007604,,+,Synpcc7942_1769
NC_007604,,-,Synpcc7942_1770
NC_007604,1837162,+,Synpcc7942_1771
NC_007604,1838756,+,Synpcc7942_1772
NC_007604,1839008,+,Synpcc7942_1773
NC_007604,1839385,+,Synpcc7942_1774
NC_007604,,+,Synpcc7942_1775
NC_007604,1840742,+,Synpcc7942_1776
NC_007604,1841045,+,Synpcc7942_1777
NC_007604,1843869,-,Synpcc7942_1778
NC_007604,1843941,+,Synpcc7942_1779
NC_007604,,+,Synpcc7942_1780
NC_007604,1847808,-,Synpcc7942_1781
NC_007604,1849121,-,Synpcc7942_1782
NC_007604,1849303,+,Synpcc7942_1783
NC_007604,1852475,+,Synpcc7942_1784
NC_007604,1853718,-,Synpcc7942_1785
NC_007604,,-,Synpcc7942_1786
NC_007604,1854729,-,Synpcc7942_1787
NC_007604,1855124,+,Synpcc7942_1788
NC_007604,1860032,+,Synpcc7942_1789
NC_007604,,+,Synpcc7942_1790
NC_007604,1863066,-,Synpcc7942_1791
NC_007604,1863290,+,Synpcc7942_1792
NC_007604,1864368,+,Synpcc7942_1793
NC_007604,1864768,+,Synpcc7942_1794
NC_007604,1866443,-,Synpcc7942_1795
NC_007604,1866749,-,Synpcc7942_1796
NC_007604,1866873,+,Synpcc7942_1797
NC_007604,1867864,+,Synpcc7942_1798
NC_007604,1868782,+,Synpcc7942_1799
NC_007604,,+,Synpcc7942_1800
NC_007604,,+,Synpcc7942_1801
NC_007604,1873145,-,Synpcc7942_1802
NC_007604,1873782,-,Synpcc7942_1803
NC_007604,1874397,-,Synpcc7942_1804
NC_007604,,-,Synpcc7942_1805
NC_007604,1875268,+,Synpcc7942_1806
NC_007604,1875791,+,Synpcc7942_1807
NC_007604,,-,Synpcc7942_1808
NC_007604,1877025,+,Synpcc7942_1809
NC_007604,1878956,+,Synpcc7942_1810
NC_007604,1880981,+,Synpcc7942_1811
NC_007604,1884374,-,Synpcc7942_1812
NC_007604,1886350,-,Synpcc7942_1813
NC_007604,,-,Synpcc7942_1814
NC_007604,,-,Synpcc7942_1815
NC_007604,,-,Synpcc7942_1816
NC_007604,1891788,-,Synpcc7942_1817
NC_007604,1892208,-,Synpcc7942_1818
NC_007604,,+,Synpcc7942_1819
NC_007604,1893754,-,Synpcc7942_1820
NC_007604,1893811,+,Synpcc7942_1821
NC_007604,1894269,+,Synpcc7942_1822
NC_007604,1895159,-,Synpcc7942_1823
NC_007604,1895630,-,Synpcc7942_1824
NC_007604,1895707,+,Synpcc7942_1825
NC_007604,1897163,-,Synpcc7942_1826
NC_007604,1897285,+,Synpcc7942_1827
NC_007604,,+,Synpcc7942_1828
NC_007604,1898205,+,Synpcc7942_1829
NC_007604,1899554,-,Synpcc7942_1830
NC_007604,1901019,-,Synpcc7942_1831
NC_007604,1901611,-,Synpcc7942_1832
NC_007604,1901772,+,Synpcc7942_1833
NC_007604,,+,Synpcc7942_1834
NC_007604,1903031,+,Synpcc7942_1835
NC_007604,1904029,-,Synpcc7942_1836
NC_007604,1904430,-,Synpcc7942_1837
NC_007604,1905957,-,Synpcc7942_1838
NC_007604,1906834,-,Synpcc7942_1839
NC_007604,,-,Synpcc7942_1840
NC_007604,1908878,-,Synpcc7942_1841
NC_007604,1908945,+,Synpcc7942_1842
NC_007604,,-,Synpcc7942_1843
NC_007604,1911558,-,Synpcc7942_1844
NC_007604,1911652,+,Synpcc7942_1845
NC_007604,1913855,-,Synpcc7942_1846
NC_007604,1914755,-,Synpcc7942_1847
NC_007604,1916038,-,Synpcc7942_1848
NC_007604,1916613,+,Synpcc7942_1849
NC_007604,,-,Synpcc7942_1850
NC_007604,1919185,+,Synpcc7942_1851
NC_007604,1920828,+,Synpcc7942_1852
NC_007604,,+,Synpcc7942_1853
NC_007604,,+,Synpcc7942_1854
NC_007604,,+,Synpcc7942_1855
NC_007604,,+,Synpcc7942_1856
NC_007604,1926701,-,Synpcc7942_1857
NC_007604,1926831,+,Synpcc7942_1858
NC_007604,1927733,+,Synpcc7942_1859
NC_007604,1931182,-,Synpcc7942_1860
NC_007604,1932605,-,Synpcc7942_1861
NC_007604,1932740,+,Synpcc7942_1862
NC_007604,1933701,+,Synpcc7942_1863
NC_007604,1934588,+,Synpcc7942_1864
NC_007604,1935472,+,Synpcc7942_1865
NC_007604,1936799,-,Synpcc7942_1866
NC_007604,,+,Synpcc7942_1867
NC_007604,,+,Synpcc7942_1868
NC_007604,,-,Synpcc7942_1869
NC_007604,1942887,-,Synpcc7942_1870
NC_007604,1943308,+,Synpcc7942_1871
NC_007604,,+,Synpcc7942_1872
NC_007604,,+,Synpcc7942_1873
NC_007604,,-,Synpcc7942_1874
NC_007604,1948101,-,Synpcc7942_1875
NC_007604,1948583,-,Synpcc7942_1876
NC_007604,,-,Synpcc7942_1877
NC_007604,,-,Synpcc7942_1878
NC_007604,1952587,-,Synpcc7942_1879
NC_007604,1952819,+,Synpcc7942_1880
NC_007604,,-,Synpcc7942_1881
NC_007604,1955289,-,Synpcc7942_1882
NC_007604,,-,Synpcc7942_1883
NC_007604,,-,Synpcc7942_1884
NC_007604,1957411,-,Synpcc7942_1885
NC_007604,1957417,+,Synpcc7942_1886
NC_007604,,+,Synpcc7942_1887
NC_007604,1960851,+,Synpcc7942_1888
NC_007604,1963582,-,Synpcc7942_1889
NC_007604,1963748,+,Synpcc7942_1890
NC_007604,1964412,+,Synpcc7942_1891
NC_007604,,+,Synpcc7942_1892
NC_007604,,-,Synpcc7942_1893
NC_007604,1967599,-,Synpcc7942_1894
NC_007604,1967770,+,Synpcc7942_1895
NC_007604,1969898,-,Synpcc7942_1896
NC_007604,,-,Synpcc7942_1897
NC_007604,1972228,-,Synpcc7942_1898
NC_007604,1972778,-,Synpcc7942_1899
NC_007604,1972727,+,Synpcc7942_1900
NC_007604,,-,Synpcc7942_1901
NC_007604,1976978,-,Synpcc7942_1902
NC_007604,1978128,-,Synpcc7942_1903
NC_007604,1979495,-,Synpcc7942_1904
NC_007604,1982498,-,Synpcc7942_1905
NC_007604,1983253,-,Synpcc7942_1906
NC_007604,1984493,-,Synpcc7942_1907
NC_007604,1985081,-,Synpcc7942_1908
NC_007604,1985738,-,Synpcc7942_1909
NC_007604,,-,Synpcc7942_1910
NC_007604,1988637,-,Synpcc7942_1911
NC_007604,1989639,-,Synpcc7942_1912
NC_007604,1989729,+,Synpcc7942_1912a
NC_007604,1989858,+,Synpcc7942_1913
NC_007604,1990394,+,Synpcc7942_1914
NC_007604,1991412,-,Synpcc7942_1915
NC_007604,1992281,-,Synpcc7942_1916
NC_007604,1992369,+,Synpcc7942_1917
NC_007604,,+,Synpcc7942_1918
NC_007604,1995334,-,Synpcc7942_1919
NC_007604,1998193,-,Synpcc7942_1920
NC_007604,,+,Synpcc7942_1921
NC_007604,1999156,-,Synpcc7942_1922
NC_007604,1999999,-,Synpcc7942_1923
NC_007604,,-,Synpcc7942_1924
NC_007604,,-,Synpcc7942_1925
NC_007604,2001940,-,Synpcc7942_1926
NC_007604,2001982,+,Synpcc7942_1927
NC_007604,2002837,+,Synpcc7942_1928
NC_007604,2003133,+,Synpcc7942_1929
NC_007604,2004305,+,Synpcc7942_1930
NC_007604,2005055,+,Synpcc7942_1931
NC_007604,2006047,+,Synpcc7942_1932
NC_007604,2006589,+,Synpcc7942_1933
NC_007604,2007641,+,Synpcc7942_1934
NC_007604,2010020,-,Synpcc7942_1935
NC_007604,2010268,-,Synpcc7942_1936
NC_007604,2011127,-,Synpcc7942_1937
NC_007604,,-,Synpcc7942_1938
NC_007604,,+,Synpcc7942_1939
NC_007604,,+,Synpcc7942_1940
NC_007604,,+,Synpcc7942_1941
NC_007604,2015645,+,Synpcc7942_1942
NC_007604,2018038,-,Synpcc7942_1943
NC_007604,2018373,+,Synpcc7942_1944
NC_007604,,-,Synpcc7942_1945
NC_007604,2021972,-,Synpcc7942_1946
NC_007604,2023540,-,Synpcc7942_1947
NC_007604,2023694,+,Synpcc7942_1948
NC_007604,2024003,+,Synpcc7942_1949
NC_007604,2024371,+,Synpcc7942_1950
NC_007604,2024732,+,Synpcc7942_1951
NC_007604,2025281,+,Synpcc7942_R0002
NC_007604,2025366,+,Synpcc7942_1952
NC_007604,2026179,-,Synpcc7942_1953
NC_007604,2027870,-,Synpcc7942_1954
NC_007604,2027929,+,Synpcc7942_1955
NC_007604,2028196,+,Synpcc7942_1956
NC_007604,2029761,-,Synpcc7942_1957
NC_007604,2030133,-,Synpcc7942_1958
NC_007604,2030340,+,Synpcc7942_1959
NC_007604,2032696,-,Synpcc7942_1960
NC_007604,2032854,+,Synpcc7942_1961
NC_007604,2033433,+,Synpcc7942_1962
NC_007604,,-,Synpcc7942_1963
NC_007604,2035713,-,Synpcc7942_1964
NC_007604,2035730,+,Synpcc7942_1965
NC_007604,2037413,+,Synpcc7942_1966
NC_007604,,+,Synpcc7942_1967
NC_007604,2038685,+,Synpcc7942_1968
NC_007604,2040474,+,Synpcc7942_1969
NC_007604,,-,Synpcc7942_1970
NC_007604,2042239,-,Synpcc7942_1971
NC_007604,2043143,-,Synpcc7942_1972
NC_007604,2044320,-,Synpcc7942_1973
NC_007604,2045326,-,Synpcc7942_1974
NC_007604,2045792,-,Synpcc7942_1975
NC_007604,2047397,-,Synpcc7942_1976
NC_007604,2049564,-,Synpcc7942_1977
NC_007604,2049980,-,Synpcc7942_1978
NC_007604,2050736,-,Synpcc7942_1979
NC_007604,2050905,+,Synpcc7942_1980
NC_007604,,-,Synpcc7942_1981
NC_007604,2052831,-,Synpcc7942_1982
NC_007604,2052981,+,Synpcc7942_1983
NC_007604,2054406,+,Synpcc7942_1984
NC_007604,,-,Synpcc7942_1985
NC_007604,2057788,-,Synpcc7942_1986
NC_007604,2057819,+,Synpcc7942_1987
NC_007604,2059857,-,Synpcc7942_1988
NC_007604,2060864,-,Synpcc7942_1989
NC_007604,2061527,-,Synpcc7942_1990
NC_007604,2062321,-,Synpcc7942_1991
NC_007604,2063434,-,Synpcc7942_1992
NC_007604,2063554,+,Synpcc7942_1993
NC_007604,,+,Synpcc7942_1994
NC_007604,2065564,-,Synpcc7942_1995
NC_007604,2066009,-,Synpcc7942_1996
NC_007604,2066370,-,Synpcc7942_1997
NC_007604,,+,Synpcc7942_1998
NC_007604,2067830,-,Synpcc7942_1999
NC_007604,2070180,-,Synpcc7942_2000
NC_007604,2071166,-,Synpcc7942_2001
NC_007604,2071335,+,Synpcc7942_2002
NC_007604,2072093,+,Synpcc7942_2003
NC_007604,2073028,+,Synpcc7942_2004
NC_007604,2073628,+,Synpcc7942_2005
NC_007604,,-,Synpcc7942_2006
NC_007604,2075781,-,Synpcc7942_2007
NC_007604,2075871,+,Synpcc7942_2008
NC_007604,2076365,+,Synpcc7942_2009
NC_007604,2080140,-,Synpcc7942_2010
NC_007604,2081391,-,Synpcc7942_2011
NC_007604,2081506,+,Synpcc7942_2012
NC_007604,,-,Synpcc7942_2013
NC_007604,2083843,-,Synpcc7942_2014
NC_007604,2084685,-,Synpcc7942_2015
NC_007604,2084941,-,Synpcc7942_2016
NC_007604,2085077,+,Synpcc7942_2017
NC_007604,2085523,-,Synpcc7942_R0003
NC_007604,2085584,+,Synpcc7942_2018
NC_007604,2086762,-,Synpcc7942_2019
NC_007604,2090017,-,Synpcc7942_2020
NC_007604,,-,Synpcc7942_2021
NC_007604,2091703,-,Synpcc7942_2022
NC_007604,2092267,-,Synpcc7942_2023
NC_007604,,-,Synpcc7942_2024
NC_007604,,+,Synpcc7942_2025
NC_007604,2094451,+,Synpcc7942_2026
NC_007604,2095857,+,Synpcc7942_2027
NC_007604,2096601,+,Synpcc7942_2028
NC_007604,2097799,+,Synpcc7942_2029
NC_007604,2100318,-,Synpcc7942_2030
NC_007604,2101004,-,Synpcc7942_2031
NC_007604,2101118,+,Synpcc7942_2032
NC_007604,2102330,+,Synpcc7942_2033
NC_007604,,+,Synpcc7942_2034
NC_007604,2105518,-,Synpcc7942_2035
NC_007604,,-,Synpcc7942_2036
NC_007604,2107163,-,Synpcc7942_2037
NC_007604,2108059,-,Synpcc7942_2038
NC_007604,2109339,-,Synpcc7942_2039
NC_007604,,-,Synpcc7942_2040
NC_007604,2110181,+,Synpcc7942_2041
NC_007604,,-,Synpcc7942_2042
NC_007604,2112672,-,Synpcc7942_2043
NC_007604,2114044,-,Synpcc7942_2044
NC_007604,2117721,-,Synpcc7942_2045
NC_007604,2118062,+,Synpcc7942_2046
NC_007604,2118502,+,Synpcc7942_2047
NC_007604,2123744,-,Synpcc7942_2048
NC_007604,2126250,-,Synpcc7942_2049
NC_007604,2126401,+,Synpcc7942_2050
NC_007604,,-,Synpcc7942_2051
NC_007604,2130186,-,Synpcc7942_2052
NC_007604,2130328,+,Synpcc7942_2053
NC_007604,2133197,-,Synpcc7942_2054
NC_007604,2133299,+,Synpcc7942_2055
NC_007604,2134608,+,Synpcc7942_2056
NC_007604,2135019,+,Synpcc7942_2057
NC_007604,,-,Synpcc7942_2058
NC_007604,2137306,-,Synpcc7942_2059
NC_007604,,-,Synpcc7942_2060
NC_007604,2138476,-,Synpcc7942_2061
NC_007604,2139820,-,Synpcc7942_2062
NC_007604,2140667,-,Synpcc7942_2063
NC_007604,2140803,+,Synpcc7942_2064
NC_007604,2142182,-,Synpcc7942_2065
NC_007604,2143310,-,Synpcc7942_2066
NC_007604,2143337,+,Synpcc7942_2067
NC_007604,2145108,-,Synpcc7942_2068
NC_007604,,-,Synpcc7942_2069
NC_007604,2147454,-,Synpcc7942_2070
NC_007604,2149546,-,Synpcc7942_2071
NC_007604,2149698,+,Synpcc7942_2072
NC_007604,2150516,+,Synpcc7942_2073
NC_007604,2152639,+,Synpcc7942_2074
NC_007604,,+,Synpcc7942_2075
NC_007604,,+,Synpcc7942_2076
NC_007604,2155133,+,Synpcc7942_2077
NC_007604,2156565,-,Synpcc7942_2078
NC_007604,2157782,-,Synpcc7942_2079
NC_007604,2157991,+,Synpcc7942_2080
NC_007604,2161554,-,Synpcc7942_2081
NC_007604,2163595,-,Synpcc7942_2082
NC_007604,,+,Synpcc7942_2083
NC_007604,2165670,-,Synpcc7942_2084
NC_007604,2166759,-,Synpcc7942_2085
NC_007604,2166991,-,Synpcc7942_2086
NC_007604,,+,Synpcc7942_2087
NC_007604,2168002,+,Synpcc7942_2088
NC_007604,2169598,-,Synpcc7942_2089
NC_007604,2169842,+,Synpcc7942_2090
NC_007604,,+,Synpcc7942_2091
NC_007604,,+,Synpcc7942_2092
NC_007604,2174870,+,Synpcc7942_2093
NC_007604,,+,Synpcc7942_2094
NC_007604,2176855,+,Synpcc7942_2095
NC_007604,2177442,+,Synpcc7942_2096
NC_007604,,-,Synpcc7942_2097
NC_007604,,+,Synpcc7942_2098
NC_007604,,+,Synpcc7942_2099
NC_007604,,+,Synpcc7942_2100
NC_007604,,+,Synpcc7942_2101
NC_007604,2183837,+,Synpcc7942_2102
NC_007604,2184523,-,Synpcc7942_2103
NC_007604,2185190,-,Synpcc7942_2104
NC_007604,,-,Synpcc7942_2105
NC_007604,2186855,-,Synpcc7942_2106
NC_007604,2188454,-,Synpcc7942_2107
NC_007604,2188718,+,Synpcc7942_2108
NC_007604,2189141,+,Synpcc7942_2109
NC_007604,2191900,-,Synpcc7942_2110
NC_007604,,+,Synpcc7942_2111
NC_007604,2193502,-,Synpcc7942_2112
NC_007604,2193730,+,Synpcc7942_2113
NC_007604,2194827,+,Synpcc7942_2114
NC_007604,2196083,+,Synpcc7942_R0007
NC_007604,2197128,-,Synpcc7942_2115
NC_007604,,-,Synpcc7942_2116
NC_007604,2199642,-,Synpcc7942_2117
NC_007604,2199981,-,Synpcc7942_2118
NC_007604,2201697,-,Synpcc7942_2119
NC_007604,2202116,-,Synpcc7942_2120
NC_007604,2202509,-,Synpcc7942_2121
NC_007604,2203735,-,Synpcc7942_2122
NC_007604,2204847,-,Synpcc7942_2123
NC_007604,,-,Synpcc7942_2124
NC_007604,2206002,+,Synpcc7942_2125
NC_007604,2206804,-,Synpcc7942_2126
NC_007604,2207155,+,Synpcc7942_2127
NC_007604,2208081,-,Synpcc7942_2128
NC_007604,2208084,+,Synpcc7942_2129
NC_007604,2208559,+,Synpcc7942_2130
NC_007604,2211255,-,Synpcc7942_2131
NC_007604,2211380,+,Synpcc7942_2132
NC_007604,2213523,-,Synpcc7942_2133
NC_007604,,-,Synpcc7942_2134
NC_007604,2215465,-,Synpcc7942_2135
NC_007604,2216287,-,Synpcc7942_2136
NC_007604,2216564,+,Synpcc7942_2137
NC_007604,2221848,+,Synpcc7942_2138
NC_007604,2223602,+,Synpcc7942_2139
NC_007604,2224311,+,Synpcc7942_2140
NC_007604,2226031,+,Synpcc7942_2141
NC_007604,2226803,-,Synpcc7942_2142
NC_007604,2226908,+,Synpcc7942_2143
NC_007604,2229022,-,Synpcc7942_2144
NC_007604,2229910,-,Synpcc7942_2145
NC_007604,2230009,+,Synpcc7942_2146
NC_007604,,+,Synpcc7942_2147
NC_007604,2230823,+,Synpcc7942_2148
NC_007604,2231846,+,Synpcc7942_2149
NC_007604,2232922,+,Synpcc7942_2150
NC_007604,2236354,-,Synpcc7942_2151
NC_007604,2237643,-,Synpcc7942_2152
NC_007604,,+,Synpcc7942_2153
NC_007604,2238732,-,Synpcc7942_2154
NC_007604,2239176,-,Synpcc7942_2155
NC_007604,2240732,-,Synpcc7942_2156
NC_007604,2241084,-,Synpcc7942_2157
NC_007604,2241105,+,Synpcc7942_2158
NC_007604,,+,Synpcc7942_2159
NC_007604,2242713,+,Synpcc7942_2160
NC_007604,2243880,+,Synpcc7942_2161
NC_007604,,-,Synpcc7942_2162
NC_007604,2245037,+,Synpcc7942_2163
NC_007604,,+,Synpcc7942_2164
NC_007604,2247369,-,Synpcc7942_2165
NC_007604,,-,Synpcc7942_2166
NC_007604,,-,Synpcc7942_2167
NC_007604,2248681,+,Synpcc7942_2168
NC_007604,2251483,-,Synpcc7942_2169
NC_007604,,+,Synpcc7942_2170
NC_007604,2252731,-,Synpcc7942_2171
NC_007604,2252095,+,Synpcc7942_2172
NC_007604,,+,Synpcc7942_2173
NC_007604,2253779,+,Synpcc7942_2174
NC_007604,2255847,-,Synpcc7942_2175
NC_007604,,-,Synpcc7942_2176
NC_007604,2257143,+,Synpcc7942_2177
NC_007604,2258395,-,Synpcc7942_2178
NC_007604,2259359,-,Synpcc7942_2179
NC_007604,2259927,-,Synpcc7942_2180
NC_007604,2261191,-,Synpcc7942_2181
NC_007604,2261433,-,Synpcc7942_2182
NC_007604,2262335,-,Synpcc7942_2183
NC_007604,2262518,+,Synpcc7942_2184
NC_007604,2263335,+,Synpcc7942_2185
NC_007604,,+,Synpcc7942_2186
NC_007604,2266130,-,Synpcc7942_2187
NC_007604,2267534,-,Synpcc7942_2188
NC_007604,2267619,+,Synpcc7942_2189
NC_007604,2267883,+,Synpcc7942_2190
NC_007604,,-,Synpcc7942_2191
NC_007604,2269294,+,Synpcc7942_2192
NC_007604,,-,Synpcc7942_2193
NC_007604,,-,Synpcc7942_2194
NC_007604,,-,Synpcc7942_2195
NC_007604,2275545,-,Synpcc7942_2196
NC_007604,2275683,+,Synpcc7942_2197
NC_007604,2276800,+,Synpcc7942_2198
NC_007604,2280528,-,Synpcc7942_2199
NC_007604,2281199,-,Synpcc7942_2200
NC_007604,2281288,-,Synpcc7942_R0008
NC_007604,2282547,-,Synpcc7942_2201
NC_007604,2282672,+,Synpcc7942_2202
NC_007604,2284289,-,Synpcc7942_2203
NC_007604,2284645,-,Synpcc7942_2204
NC_007604,,-,Synpcc7942_2205
NC_007604,2285517,-,Synpcc7942_2206
NC_007604,2286417,-,Synpcc7942_2207
NC_007604,2286805,-,Synpcc7942_2208
NC_007604,2287780,-,Synpcc7942_2209
NC_007604,2288242,-,Synpcc7942_2210
NC_007604,2288620,-,Synpcc7942_2211
NC_007604,2288888,-,Synpcc7942_2212
NC_007604,,-,Synpcc7942_2213
NC_007604,2290927,-,Synpcc7942_2214
NC_007604,2291407,-,Synpcc7942_2215
NC_007604,2291989,-,Synpcc7942_2216
NC_007604,,-,Synpcc7942_2217
NC_007604,2292927,-,Synpcc7942_2218
NC_007604,2293329,-,Synpcc7942_2219
NC_007604,2293938,-,Synpcc7942_2220
NC_007604,,-,Synpcc7942_2221
NC_007604,2294645,-,Synpcc7942_2222
NC_007604,2294918,-,Synpcc7942_2223
NC_007604,2295134,-,Synpcc7942_2224
NC_007604,2295573,-,Synpcc7942_2225
NC_007604,2296308,-,Synpcc7942_2226
NC_007604,2296686,-,Synpcc7942_2227
NC_007604,2297008,-,Synpcc7942_2228
NC_007604,2297875,-,Synpcc7942_2229
NC_007604,,-,Synpcc7942_2230
NC_007604,2298832,-,Synpcc7942_2231
NC_007604,2299788,-,Synpcc7942_2232
NC_007604,,-,Synpcc7942_2233
NC_007604,2299964,+,Synpcc7942_2234
NC_007604,2300665,+,Synpcc7942_2235
NC_007604,2303044,-,Synpcc7942_2236
NC_007604,,-,Synpcc7942_2237
NC_007604,2305044,-,Synpcc7942_2238
NC_007604,2305791,-,Synpcc7942_2239
NC_007604,2305961,+,Synpcc7942_2240
NC_007604,2306546,+,Synpcc7942_2241
NC_007604,2308246,-,Synpcc7942_2242
NC_007604,2309497,-,Synpcc7942_2243
NC_007604,2309726,-,Synpcc7942_R0009
NC_007604,2310334,-,Synpcc7942_2244
NC_007604,2310629,-,Synpcc7942_2245
NC_007604,2310738,+,Synpcc7942_2246
NC_007604,,+,Synpcc7942_2247
NC_007604,2315727,-,Synpcc7942_2248
NC_007604,2316487,-,Synpcc7942_2249
NC_007604,,-,Synpcc7942_2250
NC_007604,2318309,+,Synpcc7942_R0010
NC_007604,2318919,-,Synpcc7942_2251
NC_007604,2321980,-,Synpcc7942_2252
NC_007604,2323352,-,Synpcc7942_2253
NC_007604,2324842,-,Synpcc7942_2254
NC_007604,2325519,+,Synpcc7942_2255
NC_007604,2326615,-,Synpcc7942_2256
NC_007604,2326832,-,Synpcc7942_2257
NC_007604,2327013,+,Synpcc7942_2258
NC_007604,2328297,+,Synpcc7942_2259
NC_007604,2329448,-,Synpcc7942_2260
NC_007604,,-,Synpcc7942_2261
NC_007604,2331199,-,Synpcc7942_2262
NC_007604,,-,Synpcc7942_2263
NC_007604,2332929,-,Synpcc7942_2264
NC_007604,2333329,+,Synpcc7942_2265
NC_007604,,-,Synpcc7942_2266
NC_007604,2335846,+,Synpcc7942_2267
NC_007604,,-,Synpcc7942_2268
NC_007604,2337944,-,Synpcc7942_2269
NC_007604,2339007,-,Synpcc7942_2270
NC_007604,,-,Synpcc7942_2271
NC_007604,,-,Synpcc7942_2272
NC_007604,2340153,+,Synpcc7942_2273
NC_007604,2340963,+,Synpcc7942_2274
NC_007604,2343582,+,Synpcc7942_R0011
NC_007604,,+,Synpcc7942_2275
NC_007604,2344334,-,Synpcc7942_2276
NC_007604,2344899,-,Synpcc7942_2277
NC_007604,2345093,+,Synpcc7942_2278
NC_007604,2347594,+,Synpcc7942_2279
NC_007604,2350167,-,Synpcc7942_2280
NC_007604,2350198,+,Synpcc7942_2281
NC_007604,2353015,-,Synpcc7942_2282
NC_007604,2353111,+,Synpcc7942_2283
NC_007604,,-,Synpcc7942_2284
NC_007604,2355848,-,Synpcc7942_2285
NC_007604,,-,Synpcc7942_2286
NC_007604,2358142,-,Synpcc7942_2287
NC_007604,,-,Synpcc7942_2288
NC_007604,,-,Synpcc7942_2289
NC_007604,2360265,-,Synpcc7942_2290
NC_007604,2361251,-,Synpcc7942_2291
NC_007604,,+,Synpcc7942_2292
NC_007604,,+,Synpcc7942_2293
NC_007604,2364152,+,Synpcc7942_2294
NC_007604,,+,Synpcc7942_2295
NC_007604,,-,Synpcc7942_2296
NC_007604,2368721,-,Synpcc7942_2297
NC_007604,,+,Synpcc7942_2298
NC_007604,2369635,+,Synpcc7942_2299
NC_007604,2369910,+,Synpcc7942_2300
NC_007604,2370542,+,Synpcc7942_2301
NC_007604,2371247,-,Synpcc7942_2302
NC_007604,,+,Synpcc7942_2303
NC_007604,2372353,+,Synpcc7942_2304
NC_007604,2373308,+,Synpcc7942_2305
NC_007604,2374134,+,Synpcc7942_2306
NC_007604,2374725,+,Synpcc7942_2307
NC_007604,2375865,+,Synpcc7942_2308
NC_007604,2377715,-,Synpcc7942_2309
NC_007604,,-,Synpcc7942_2310
NC_007604,2379533,-,Synpcc7942_R0012
NC_007604,2380381,-,Synpcc7942_2311
NC_007604,,+,Synpcc7942_2312
NC_007604,2383248,-,Synpcc7942_2313
NC_007604,2383631,-,Synpcc7942_2314
NC_007604,2383855,+,Synpcc7942_2315
NC_007604,2385395,+,Synpcc7942_2316
NC_007604,2388576,-,Synpcc7942_2317
NC_007604,,+,Synpcc7942_2318
NC_007604,,+,Synpcc7942_2319
NC_007604,,+,Synpcc7942_2320
NC_007604,2390121,+,Synpcc7942_2321
NC_007604,2390654,+,Synpcc7942_2322
NC_007604,2391109,+,Synpcc7942_2323
NC_007604,,+,Synpcc7942_2324
NC_007604,2393094,-,Synpcc7942_2325
NC_007604,2393509,+,Synpcc7942_2326
NC_007604,2394768,-,Synpcc7942_2327
NC_007604,,+,Synpcc7942_2328
NC_007604,,-,Synpcc7942_2329
NC_007604,2398428,-,Synpcc7942_2330
NC_007604,2398625,+,Synpcc7942_2331
NC_007604,2399273,+,Synpcc7942_2332
NC_007604,2401338,-,Synpcc7942_2333
NC_007604,2402920,-,Synpcc7942_2334
NC_007604,2404199,-,Synpcc7942_2335
NC_007604,2404389,-,Synpcc7942_2336
NC_007604,2405550,-,Synpcc7942_2337
NC_007604,2405849,+,Synpcc7942_2338
NC_007604,2406813,+,Synpcc7942_2339
NC_007604,2407881,+,Synpcc7942_2340
NC_007604,2409252,+,Synpcc7942_2341
NC_007604,2411022,-,Synpcc7942_2342
NC_007604,2411139,-,Synpcc7942_2343
NC_007604,2411499,+,Synpcc7942_2344
NC_007604,2413211,-,Synpcc7942_2345
NC_007604,2413356,+,Synpcc7942_2346
NC_007604,2415214,-,Synpcc7942_2347
NC_007604,2415233,+,Synpcc7942_2348
NC_007604,2416387,+,Synpcc7942_2349
NC_007604,2418477,-,Synpcc7942_2350
NC_007604,2418310,+,Synpcc7942_2351
NC_007604,2420198,-,Synpcc7942_2352
NC_007604,2420388,+,Synpcc7942_2353
NC_007604,2421733,-,Synpcc7942_2354
NC_007604,2422192,-,Synpcc7942_2355
NC_007604,2422821,-,Synpcc7942_2356
NC_007604,,-,Synpcc7942_2357
NC_007604,2424522,+,Synpcc7942_2358
NC_007604,2425353,+,Synpcc7942_2359
NC_007604,2426823,+,Synpcc7942_2360
NC_007604,2427870,+,Synpcc7942_2361
NC_007604,2428740,+,Synpcc7942_2362
NC_007604,2430161,-,Synpcc7942_2363
NC_007604,2430767,-,Synpcc7942_2364
NC_007604,2430758,+,Synpcc7942_2365
NC_007604,2432879,-,Synpcc7942_2366
NC_007604,2433454,-,Synpcc7942_2367
NC_007604,2433493,+,Synpcc7942_R0013
NC_007604,2433890,+,Synpcc7942_2368
NC_007604,2435041,+,Synpcc7942_2369
NC_007604,2438232,+,Synpcc7942_2370
NC_007604,,-,Synpcc7942_2371
NC_007604,,-,Synpcc7942_2372
NC_007604,,-,Synpcc7942_2373
NC_007604,2441447,+,Synpcc7942_2374
NC_007604,2442837,+,Synpcc7942_2375
NC_007604,2443884,+,Synpcc7942_2376
NC_007604,2444319,+,Synpcc7942_2377
NC_007604,2445387,+,Synpcc7942_2378
NC_007604,,+,Synpcc7942_2379
NC_007604,2447772,-,Synpcc7942_2380
NC_007604,2447996,-,Synpcc7942_R0047
NC_007604,2448076,+,Synpcc7942_2381
NC_007604,,-,Synpcc7942_2382
NC_007604,2450109,+,Synpcc7942_2383
NC_007604,2451384,+,Synpcc7942_2384
NC_007604,,+,Synpcc7942_2385
NC_007604,,+,Synpcc7942_2386
NC_007604,2459118,-,Synpcc7942_2387
NC_007604,2460331,-,Synpcc7942_2388
NC_007604,2461442,-,Synpcc7942_2389
NC_007604,,+,Synpcc7942_2390
NC_007604,,+,Synpcc7942_2391
NC_007604,2466011,+,Synpcc7942_2392
NC_007604,2467637,+,Synpcc7942_2393
NC_007604,2470835,-,Synpcc7942_2394
NC_007604,2471140,-,Synpcc7942_2395
NC_007604,2471930,-,Synpcc7942_2396
NC_007604,2472461,-,Synpcc7942_2397
NC_007604,2472916,-,Synpcc7942_2398
NC_007604,2474135,-,Synpcc7942_2399
NC_007604,,-,Synpcc7942_2400
NC_007604,2475944,-,Synpcc7942_2401
NC_007604,2476025,+,Synpcc7942_2402
NC_007604,2477425,+,Synpcc7942_2403
NC_007604,2477807,+,Synpcc7942_2404
NC_007604,2478513,+,Synpcc7942_R0014
NC_007604,,-,Synpcc7942_2405
NC_007604,2479051,+,Synpcc7942_2406
NC_007604,,+,Synpcc7942_2407
NC_007604,2481395,-,Synpcc7942_2408
NC_007604,2482805,-,Synpcc7942_2409
NC_007604,2482991,+,Synpcc7942_2410
NC_007604,2484137,+,Synpcc7942_2411
NC_007604,2485251,-,Synpcc7942_2412
NC_007604,,-,Synpcc7942_2413
NC_007604,2486650,-,Synpcc7942_2414
NC_007604,2488370,-,Synpcc7942_2415
NC_007604,,-,Synpcc7942_2416
NC_007604,2490579,-,Synpcc7942_2417
NC_007604,,-,Synpcc7942_2418
NC_007604,2491630,+,Synpcc7942_2419
NC_007604,2492215,+,Synpcc7942_2420
NC_007604,,-,Synpcc7942_2421
NC_007604,2494867,-,Synpcc7942_2422
NC_007604,2496775,-,Synpcc7942_2423
NC_007604,2497690,-,Synpcc7942_2424
NC_007604,2498661,-,Synpcc7942_2425
NC_007604,2498921,-,Synpcc7942_2426
NC_007604,2498972,+,Synpcc7942_2427
NC_007604,2500277,-,Synpcc7942_2428
NC_007604,2500928,-,Synpcc7942_2429
NC_007604,,-,Synpcc7942_2430
NC_007604,2505955,-,Synpcc7942_2431
NC_007604,2506121,+,Synpcc7942_2432
NC_007604,,+,Synpcc7942_2433
NC_007604,2507663,+,Synpcc7942_2434
NC_007604,2508185,+,Synpcc7942_2435
NC_007604,2509445,-,Synpcc7942_2436
NC_007604,2512368,-,Synpcc7942_2437
NC_007604,2513873,-,Synpcc7942_2438
NC_007604,2513976,+,Synpcc7942_R0015
NC_007604,2514197,+,Synpcc7942_2439
NC_007604,2517694,-,Synpcc7942_2440
NC_007604,2518697,-,Synpcc7942_2441
NC_007604,,-,Synpcc7942_2442
NC_007604,2520594,-,Synpcc7942_2443
NC_007604,2521919,-,Synpcc7942_2444
NC_007604,2522933,-,Synpcc7942_2445
NC_007604,2523919,-,Synpcc7942_2446
NC_007604,2524094,+,Synpcc7942_2447
NC_007604,2524429,+,Synpcc7942_2448
NC_007604,2526169,+,Synpcc7942_2449
NC_007604,2529307,-,Synpcc7942_2450
NC_007604,,-,Synpcc7942_2451
NC_007604,2530878,-,Synpcc7942_2452
NC_007604,2531958,-,Synpcc7942_2453
NC_007604,2533374,-,Synpcc7942_2454
NC_007604,2533536,+,Synpcc7942_2455
NC_007604,2534175,+,Synpcc7942_2456
NC_007604,2535240,+,Synpcc7942_2457
NC_007604,,+,Synpcc7942_2458
NC_007604,2538396,+,Synpcc7942_R0016
NC_007604,2538483,+,Synpcc7942_2459
NC_007604,2541181,-,Synpcc7942_2460
NC_007604,2542737,-,Synpcc7942_2461
NC_007604,,-,Synpcc7942_2462
NC_007604,2545371,-,Synpcc7942_2463
NC_007604,2546213,-,Synpcc7942_2464
NC_007604,2546633,-,Synpcc7942_2465
NC_007604,2546850,+,Synpcc7942_2466
NC_007604,2548443,-,Synpcc7942_2467
NC_007604,2548584,+,Synpcc7942_2468
NC_007604,2550704,+,Synpcc7942_2469
NC_007604,2551697,+,Synpcc7942_2470
NC_007604,2552611,+,Synpcc7942_2471
NC_007604,2553267,+,Synpcc7942_2472
NC_007604,2555003,+,Synpcc7942_2473
NC_007604,2556447,+,Synpcc7942_2474
NC_007604,2556692,+,Synpcc7942_2475
NC_007604,2558256,+,Synpcc7942_2476
NC_007604,2559484,-,Synpcc7942_2477
NC_007604,2559874,-,Synpcc7942_2478
NC_007604,2560375,+,Synpcc7942_2479
NC_007604,,-,Synpcc7942_2480
NC_007604,2563068,-,Synpcc7942_2481
NC_007604,,-,Synpcc7942_2482
NC_007604,2565170,-,Synpcc7942_2483
NC_007604,2565998,-,Synpcc7942_2484
NC_007604,,-,Synpcc7942_2485
NC_007604,2568305,-,Synpcc7942_2486
NC_007604,2568613,+,Synpcc7942_2487
NC_007604,2568903,+,Synpcc7942_2488
NC_007604,,+,Synpcc7942_2489
NC_007604,,-,Synpcc7942_2490
NC_007604,2571012,+,Synpcc7942_2491
NC_007604,,-,Synpcc7942_2492
NC_007604,,-,Synpcc7942_2493
NC_007604,,-,Synpcc7942_2494
NC_007604,,-,Synpcc7942_2495
NC_007604,2577886,-,Synpcc7942_2496
NC_007604,2578371,-,Synpcc7942_2497
NC_007604,,-,Synpcc7942_2498
NC_007604,2581095,-,Synpcc7942_2499
NC_007604,2581716,-,Synpcc7942_2500
NC_007604,2581939,+,Synpcc7942_2501
NC_007604,,-,Synpcc7942_2502
NC_007604,2585460,-,Synpcc7942_2503
NC_007604,2586072,-,Synpcc7942_2504
NC_007604,,+,Synpcc7942_2505
NC_007604,2587497,-,Synpcc7942_2506
NC_007604,2587797,-,Synpcc7942_2507
NC_007604,,+,Synpcc7942_2508
NC_007604,2589225,+,Synpcc7942_2509
NC_007604,2589959,+,Synpcc7942_2510
NC_007604,2590759,-,Synpcc7942_2511
NC_007604,2592131,-,Synpcc7942_2512
NC_007604,2592285,+,Synpcc7942_2513
NC_007604,,+,Synpcc7942_2514
NC_007604,,-,Synpcc7942_2515
NC_007604,2596584,+,Synpcc7942_R0018
NC_007604,2596965,-,Synpcc7942_2516
NC_007604,2597729,-,Synpcc7942_2517
NC_007604,2599148,-,Synpcc7942_2518
NC_007604,2601896,-,Synpcc7942_2519
NC_007604,2602689,-,Synpcc7942_2520
NC_007604,2604026,-,Synpcc7942_2521
NC_007604,2605010,-,Synpcc7942_2522
NC_007604,2605009,+,Synpcc7942_2523
NC_007604,2605267,+,Synpcc7942_2524
NC_007604,2606764,+,Synpcc7942_2525
NC_007604,2607529,+,Synpcc7942_2526
NC_007604,,+,Synpcc7942_2527
NC_007604,,+,Synpcc7942_2528
NC_007604,2611092,-,Synpcc7942_2529
NC_007604,2611328,+,Synpcc7942_2530
NC_007604,2612193,+,Synpcc7942_2531
NC_007604,2613889,-,Synpcc7942_2532
NC_007604,2613998,+,Synpcc7942_2533
NC_007604,2615748,-,Synpcc7942_2534
NC_007604,2615811,+,Synpcc7942_2535
NC_007604,2619626,-,Synpcc7942_2536
NC_007604,2620273,-,Synpcc7942_2537
NC_007604,2620960,-,Synpcc7942_2538
NC_007604,2621671,-,Synpcc7942_2539
NC_007604,2622298,-,Synpcc7942_2540
NC_007604,2622353,+,Synpcc7942_2541
NC_007604,2622812,+,Synpcc7942_R0019
NC_007604,2623091,+,Synpcc7942_R0020
NC_007604,2623725,-,Synpcc7942_2542
NC_007604,2624449,-,Synpcc7942_2543
NC_007604,,-,Synpcc7942_2544
NC_007604,2624982,+,Synpcc7942_2545
NC_007604,2626237,+,Synpcc7942_2546
NC_007604,2627005,+,Synpcc7942_2547
NC_007604,2627407,+,Synpcc7942_2548
NC_007604,,-,Synpcc7942_2549
NC_007604,,+,Synpcc7942_2550
NC_007604,,-,Synpcc7942_2551
NC_007604,,-,Synpcc7942_2552
NC_007604,,-,Synpcc7942_2553
NC_007604,2633647,-,Synpcc7942_2554
NC_007604,2635095,-,Synpcc7942_2555
NC_007604,,-,Synpcc7942_2556
NC_007604,2636354,-,Synpcc7942_2557
NC_007604,,+,Synpcc7942_2558
NC_007604,2638384,-,Synpcc7942_2559
NC_007604,,+,Synpcc7942_2560
NC_007604,2640226,-,Synpcc7942_2561
NC_007604,,+,Synpcc7942_2562
NC_007604,,+,Synpcc7942_2563
NC_007604,2644800,-,Synpcc7942_2564
NC_007604,2645392,-,Synpcc7942_2565
NC_007604,2645522,+,Synpcc7942_2566
NC_007604,,+,Synpcc7942_2567
NC_007604,,-,Synpcc7942_2568
NC_007604,2648820,-,Synpcc7942_2569
NC_007604,2650032,-,Synpcc7942_2570
NC_007604,2650102,+,Synpcc7942_2571
NC_007604,2652377,-,Synpcc7942_2572
NC_007604,,-,Synpcc7942_2573
NC_007604,,-,Synpcc7942_2574
NC_007604,,+,Synpcc7942_2575
NC_007604,2655349,-,Synpcc7942_R0050
NC_007604,2658297,-,Synpcc7942_R0051
NC_007604,2658574,-,Synpcc7942_R0021
NC_007604,2658681,-,Synpcc7942_R0022
NC_007604,2660332,-,Synpcc7942_R0052
NC_007604,2662110,-,Synpcc7942_2576
NC_007604,,-,Synpcc7942_2577
NC_007604,,-,Synpcc7942_2578
NC_007604,2664450,-,Synpcc7942_2579
NC_007604,2666709,-,Synpcc7942_2580
NC_007604,2666924,-,Synpcc7942_R0023
NC_007604,2667018,+,Synpcc7942_2581
NC_007604,2667390,+,Synpcc7942_2582
NC_007604,2668299,+,Synpcc7942_2583
NC_007604,2668941,+,Synpcc7942_2584
NC_007604,,-,Synpcc7942_2585
NC_007604,2670355,+,Synpcc7942_2586
NC_007604,2671393,-,Synpcc7942_2587
NC_007604,2672932,-,Synpcc7942_2588
NC_007604,2673063,+,Synpcc7942_2589
NC_007604,2674093,+,Synpcc7942_2590
NC_007604,,+,Synpcc7942_2591
NC_007604,2675925,-,Synpcc7942_2592
NC_007604,2676025,+,Synpcc7942_2593
NC_007604,2676678,-,Synpcc7942_R0024
NC_007604,2676752,+,Synpcc7942_2594
NC_007604,2677372,+,Synpcc7942_2595
NC_007604,2678860,+,Synpcc7942_2596
NC_007604,2679934,+,Synpcc7942_2597
NC_007604,,-,Synpcc7942_2598
NC_007604,2681839,-,Synpcc7942_2599
NC_007604,2682813,-,Synpcc7942_2600
NC_007604,2683813,-,Synpcc7942_2601
NC_007604,2684044,+,Synpcc7942_2602
NC_007604,2684995,+,Synpcc7942_2603
NC_007604,2686700,+,Synpcc7942_2604
NC_007604,2688050,-,Synpcc7942_2605
NC_007604,2690119,-,Synpcc7942_2606
NC_007604,,-,Synpcc7942_2607
NC_007604,2691104,+,Synpcc7942_2608
NC_007604,2691626,+,Synpcc7942_2609
NC_007604,2692960,-,Synpcc7942_2610
NC_007604,,-,Synpcc7942_2611
NC_007604,2693825,+,Synpcc7942_2612
NC_007604,2695870,-,Synpcc7942_2613
NC_007595,394,-,Synpcc7942_B2615
NC_007595,,-,Synpcc7942_B2626
NC_007595,,-,Synpcc7942_B2637
NC_007595,2063,+,Synpcc7942_B2648
NC_007595,2340,+,Synpcc7942_B2659
NC_007595,3070,-,Synpcc7942_B2654
NC_007595,,-,Synpcc7942_B2661
NC_007595,,-,Synpcc7942_B2662
NC_007595,,-,Synpcc7942_B2663
NC_007595,,-,Synpcc7942_B2664
NC_007595,,+,Synpcc7942_B2616
NC_007595,,-,Synpcc7942_B2617
NC_007595,,+,Synpcc7942_B2618
NC_007595,,+,Synpcc7942_B2619
NC_007595,,+,Synpcc7942_B2620
NC_007595,,+,Synpcc7942_B2621
NC_007595,,+,Synpcc7942_B2622
NC_007595,,+,Synpcc7942_B2623
NC_007595,,+,Synpcc7942_B2624
NC_007595,,+,Synpcc7942_B2625
NC_007595,,+,Synpcc7942_B2627
NC_007595,,+,Synpcc7942_B2628
NC_007595,,+,Synpcc7942_B2629
NC_007595,,+,Synpcc7942_B2630
NC_007595,21934,+,Synpcc7942_B2631
NC_007595,,+,Synpcc7942_B2652
NC_007595,23511,-,Synpcc7942_B2655
NC_007595,24160,-,Synpcc7942_B2632
NC_007595,,+,Synpcc7942_B2633
NC_007595,28894,-,Synpcc7942_B2656
NC_007595,,-,Synpcc7942_B2657
NC_007595,31430,-,Synpcc7942_B2634
NC_007595,31509,+,Synpcc7942_B2635
NC_007595,,+,Synpcc7942_B2636
NC_007595,,-,Synpcc7942_B2658
NC_007595,34543,+,Synpcc7942_B2638
NC_007595,,+,Synpcc7942_B2639
NC_007595,,-,Synpcc7942_B2640
NC_007595,,+,Synpcc7942_B2641
NC_007595,,-,Synpcc7942_B2642
NC_007595,,-,Synpcc7942_B2643
NC_007595,,+,Synpcc7942_B2644
NC_007595,39571,+,Synpcc7942_B2645
NC_007595,,-,Synpcc7942_B2646
NC_007595,42620,-,Synpcc7942_B2647
NC_007595,,+,Synpcc7942_B2649
NC_007595,,+,Synpcc7942_B2650
NC_007595,,+,Synpcc7942_B2660
NC_007595,45741,-,Synpcc7942_B2651
NC_007595,46285,-,Synpcc7942_B2653
NC_004990,,-,ST32046_p3
NC_004990,,+,ST32046_p4
NC_004990,,+,ST32046_p5
NC_004990,,-,ST32046_p6
NC_004990,,-,ST32046_p7
NC_004990,,-,ST32046_p8
NC_004990,,-,ST32046_p9
NC_004990,,-,ST32046_p1